Body,Exam,Level,State,Year,Round,Institute,Branch,Category,Quota,Gender,OpeningRank,ClosingRank
Bihar Combined Entrance Competitive Examination Board (BCECEB),Bihar Polytechnic Common Entrance Competitive Examination,Diploma,Bihar,,,"ARYABHATT POLYTECHNIC, GAYA",CIVIL ENGINEERING,UR,,,715,13074
Bihar Combined Entrance Competitive Examination Board (BCECEB),Bihar Polytechnic Common Entrance Competitive Examination,Diploma,Bihar,,,"ARYABHATT POLYTECHNIC, GAYA",ELECTRICAL ENGG.,UR,,,4455,18064
Bihar Combined Entrance Competitive Examination Board (BCECEB),Bihar Polytechnic Common Entrance Competitive Examination,Diploma,Bihar,,,"ARYABHATT POLYTECHNIC, GAYA",MECHANICAL ENGINEERING,UR,,,7955,24722
Bihar Combined Entrance Competitive Examination Board (BCECEB),Bihar Polytechnic Common Entrance Competitive Examination,Diploma,Bihar,,,B.K.N.S.G.P. GOPALGANJ,CIVIL ENGINEERING,E-UR,,,7466,7517
Bihar Combined Entrance Competitive Examination Board (BCECEB),Bihar Polytechnic Common Entrance Competitive Examination,Diploma,Bihar,,,B.K.N.S.G.P. GOPALGANJ,CIVIL ENGINEERING,UR,,,2338,7418
Bihar Combined Entrance Competitive Examination Board (BCECEB),Bihar Polytechnic Common Entrance Competitive Examination,Diploma,Bihar,,,B.K.N.S.G.P. GOPALGANJ,COMPUTER SC. & ENGINEERING,E-UR,,,8331,8331
Bihar Combined Entrance Competitive Examination Board (BCECEB),Bihar Polytechnic Common Entrance Competitive Examination,Diploma,Bihar,,,B.K.N.S.G.P. GOPALGANJ,COMPUTER SC. & ENGINEERING,UR,,,368,7181
Bihar Combined Entrance Competitive Examination Board (BCECEB),Bihar Polytechnic Common Entrance Competitive Examination,Diploma,Bihar,,,B.K.N.S.G.P. GOPALGANJ,ELECTRICAL ENGG.,E-UR,,,8166,8166
Bihar Combined Entrance Competitive Examination Board (BCECEB),Bihar Polytechnic Common Entrance Competitive Examination,Diploma,Bihar,,,B.K.N.S.G.P. GOPALGANJ,ELECTRICAL ENGG.,UR,,,2069,7922
Bihar Combined Entrance Competitive Examination Board (BCECEB),Bihar Polytechnic Common Entrance Competitive Examination,Diploma,Bihar,,,B.K.N.S.G.P. GOPALGANJ,MECHANICAL ENGINEERING,UR,,,6206,6206
Bihar Combined Entrance Competitive Examination Board (BCECEB),Bihar Polytechnic Common Entrance Competitive Examination,Diploma,Bihar,,,B.K.P. INST SITAMARHI,CIVIL ENGINEERING,E-UR,,,8061,8195
Bihar Combined Entrance Competitive Examination Board (BCECEB),Bihar Polytechnic Common Entrance Competitive Examination,Diploma,Bihar,,,B.K.P. INST SITAMARHI,CIVIL ENGINEERING,UR,,,1100,7954
Bihar Combined Entrance Competitive Examination Board (BCECEB),Bihar Polytechnic Common Entrance Competitive Examination,Diploma,Bihar,,,B.K.P. INST SITAMARHI,ELECTRICAL ENGG.,UR,,,7172,7172
Bihar Combined Entrance Competitive Examination Board (BCECEB),Bihar Polytechnic Common Entrance Competitive Examination,Diploma,Bihar,,,B.K.P. INST SITAMARHI,MECHANICAL ENGINEERING,UR,,,7719,7719
Bihar Combined Entrance Competitive Examination Board (BCECEB),Bihar Polytechnic Common Entrance Competitive Examination,Diploma,Bihar,,,"EXALT COLLEGE OF POLYTECHNIC, VAISHALI",CIVIL ENGINEERING,UR,,,3661,32321
Bihar Combined Entrance Competitive Examination Board (BCECEB),Bihar Polytechnic Common Entrance Competitive Examination,Diploma,Bihar,,,"EXALT COLLEGE OF POLYTECHNIC, VAISHALI",COMPUTER SC. & ENGINEERING,UR,,,8595,44976
Bihar Combined Entrance Competitive Examination Board (BCECEB),Bihar Polytechnic Common Entrance Competitive Examination,Diploma,Bihar,,,"EXALT COLLEGE OF POLYTECHNIC, VAISHALI",ELECTRICAL ENGG.,UR,,,8333,41024
Bihar Combined Entrance Competitive Examination Board (BCECEB),Bihar Polytechnic Common Entrance Competitive Examination,Diploma,Bihar,,,"EXALT COLLEGE OF POLYTECHNIC, VAISHALI",MECHANICAL ENGINEERING,UR,,,16003,34866
Bihar Combined Entrance Competitive Examination Board (BCECEB),Bihar Polytechnic Common Entrance Competitive Examination,Diploma,Bihar,,,"EXALT COLLEGE OF POLYTECHNIC, VAISHALI",MECHANICAL ENGINEERING (AUTOMOBILE),UR,,,13358,41674
Bihar Combined Entrance Competitive Examination Board (BCECEB),Bihar Polytechnic Common Entrance Competitive Examination,Diploma,Bihar,,,"G.M.C.P. HARNAUT,NALANDA",CIVIL ENGINEERING,UR,,,721,13305
Bihar Combined Entrance Competitive Examination Board (BCECEB),Bihar Polytechnic Common Entrance Competitive Examination,Diploma,Bihar,,,"G.M.C.P. HARNAUT,NALANDA",COMPUTER SC. & ENGINEERING,UR,,,7173,25325
Bihar Combined Entrance Competitive Examination Board (BCECEB),Bihar Polytechnic Common Entrance Competitive Examination,Diploma,Bihar,,,"G.M.C.P. HARNAUT,NALANDA",ELECTRICAL ENGG.,UR,,,8250,21844
Bihar Combined Entrance Competitive Examination Board (BCECEB),Bihar Polytechnic Common Entrance Competitive Examination,Diploma,Bihar,,,"G.M.C.P. HARNAUT,NALANDA",ELECTRONICS ENGINEERING,UR,,,12305,25876
Bihar Combined Entrance Competitive Examination Board (BCECEB),Bihar Polytechnic Common Entrance Competitive Examination,Diploma,Bihar,,,"G.M.C.P. HARNAUT,NALANDA",MECHANICAL ENGINEERING,UR,,,7367,25070
Bihar Combined Entrance Competitive Examination Board (BCECEB),Bihar Polytechnic Common Entrance Competitive Examination,Diploma,Bihar,,,G.P. ARARIA,CIVIL ENGINEERING,E-UR,,,5630,5677
Bihar Combined Entrance Competitive Examination Board (BCECEB),Bihar Polytechnic Common Entrance Competitive Examination,Diploma,Bihar,,,G.P. ARARIA,CIVIL ENGINEERING,UR,,,2209,5616
Bihar Combined Entrance Competitive Examination Board (BCECEB),Bihar Polytechnic Common Entrance Competitive Examination,Diploma,Bihar,,,G.P. ARARIA,COMPUTER SC. & ENGINEERING,UR,,,2560,2560
Bihar Combined Entrance Competitive Examination Board (BCECEB),Bihar Polytechnic Common Entrance Competitive Examination,Diploma,Bihar,,,G.P. ARARIA,ELECTRICAL ENGG.,E-UR,,,8199,8312
Bihar Combined Entrance Competitive Examination Board (BCECEB),Bihar Polytechnic Common Entrance Competitive Examination,Diploma,Bihar,,,G.P. ARARIA,ELECTRICAL ENGG.,UR,,,514,7920
Bihar Combined Entrance Competitive Examination Board (BCECEB),Bihar Polytechnic Common Entrance Competitive Examination,Diploma,Bihar,,,G.P. ARWAL,CIVIL ENGINEERING,E-UR,,,3142,3250
Bihar Combined Entrance Competitive Examination Board (BCECEB),Bihar Polytechnic Common Entrance Competitive Examination,Diploma,Bihar,,,G.P. ARWAL,CIVIL ENGINEERING,UR,,,25,3127
Bihar Combined Entrance Competitive Examination Board (BCECEB),Bihar Polytechnic Common Entrance Competitive Examination,Diploma,Bihar,,,G.P. ARWAL,COMPUTER SC. & ENGINEERING,UR,,,4303,7744
Bihar Combined Entrance Competitive Examination Board (BCECEB),Bihar Polytechnic Common Entrance Competitive Examination,Diploma,Bihar,,,G.P. ARWAL,ELECTRICAL ENGG.,E-UR,,,7468,7468
Bihar Combined Entrance Competitive Examination Board (BCECEB),Bihar Polytechnic Common Entrance Competitive Examination,Diploma,Bihar,,,G.P. ARWAL,ELECTRICAL ENGG.,UR,,,189,6873
Bihar Combined Entrance Competitive Examination Board (BCECEB),Bihar Polytechnic Common Entrance Competitive Examination,Diploma,Bihar,,,G.P. ARWAL,ELECTRONICS ENGINEERING,UR,,,8019,8019
Bihar Combined Entrance Competitive Examination Board (BCECEB),Bihar Polytechnic Common Entrance Competitive Examination,Diploma,Bihar,,,G.P. ARWAL,MECHANICAL ENGINEERING,UR,,,5250,7594
Bihar Combined Entrance Competitive Examination Board (BCECEB),Bihar Polytechnic Common Entrance Competitive Examination,Diploma,Bihar,,,G.P. AURANGABAD,CIVIL ENGINEERING,E-UR,,,2652,2675
Bihar Combined Entrance Competitive Examination Board (BCECEB),Bihar Polytechnic Common Entrance Competitive Examination,Diploma,Bihar,,,G.P. AURANGABAD,CIVIL ENGINEERING,UR,,,521,2646
Bihar Combined Entrance Competitive Examination Board (BCECEB),Bihar Polytechnic Common Entrance Competitive Examination,Diploma,Bihar,,,G.P. AURANGABAD,COMPUTER SC. & ENGINEERING,E-UR,,,8233,8233
Bihar Combined Entrance Competitive Examination Board (BCECEB),Bihar Polytechnic Common Entrance Competitive Examination,Diploma,Bihar,,,G.P. AURANGABAD,COMPUTER SC. & ENGINEERING,UR,,,1647,7908
Bihar Combined Entrance Competitive Examination Board (BCECEB),Bihar Polytechnic Common Entrance Competitive Examination,Diploma,Bihar,,,G.P. AURANGABAD,ELECTRICAL ENGG.,E-UR,,,7300,7300
Bihar Combined Entrance Competitive Examination Board (BCECEB),Bihar Polytechnic Common Entrance Competitive Examination,Diploma,Bihar,,,G.P. AURANGABAD,ELECTRICAL ENGG.,UR,,,1639,7012
Bihar Combined Entrance Competitive Examination Board (BCECEB),Bihar Polytechnic Common Entrance Competitive Examination,Diploma,Bihar,,,G.P. AURANGABAD,ELECTRONICS ENGINEERING,UR,,,4717,4717
Bihar Combined Entrance Competitive Examination Board (BCECEB),Bihar Polytechnic Common Entrance Competitive Examination,Diploma,Bihar,,,G.P. AURANGABAD,MECHANICAL ENGINEERING,E-UR,,,8153,8400
Bihar Combined Entrance Competitive Examination Board (BCECEB),Bihar Polytechnic Common Entrance Competitive Examination,Diploma,Bihar,,,G.P. AURANGABAD,MECHANICAL ENGINEERING,UR,,,3602,6869
Bihar Combined Entrance Competitive Examination Board (BCECEB),Bihar Polytechnic Common Entrance Competitive Examination,Diploma,Bihar,,,G.P. BANKA,CIVIL ENGINEERING,E-UR,,,5222,5292
Bihar Combined Entrance Competitive Examination Board (BCECEB),Bihar Polytechnic Common Entrance Competitive Examination,Diploma,Bihar,,,G.P. BANKA,CIVIL ENGINEERING,UR,,,45,5186
Bihar Combined Entrance Competitive Examination Board (BCECEB),Bihar Polytechnic Common Entrance Competitive Examination,Diploma,Bihar,,,G.P. BANKA,COMPUTER SC. & ENGINEERING,E-UR,,,8208,8208
Bihar Combined Entrance Competitive Examination Board (BCECEB),Bihar Polytechnic Common Entrance Competitive Examination,Diploma,Bihar,,,G.P. BANKA,COMPUTER SC. & ENGINEERING,UR,,,2752,7945
Bihar Combined Entrance Competitive Examination Board (BCECEB),Bihar Polytechnic Common Entrance Competitive Examination,Diploma,Bihar,,,G.P. BANKA,ELECTRICAL ENGG.,E-UR,,,8246,8527
Bihar Combined Entrance Competitive Examination Board (BCECEB),Bihar Polytechnic Common Entrance Competitive Examination,Diploma,Bihar,,,G.P. BANKA,ELECTRICAL ENGG.,UR,,,2027,8002
Bihar Combined Entrance Competitive Examination Board (BCECEB),Bihar Polytechnic Common Entrance Competitive Examination,Diploma,Bihar,,,G.P. BANKA,MECHANICAL ENGINEERING,E-UR,,,8435,8435
Bihar Combined Entrance Competitive Examination Board (BCECEB),Bihar Polytechnic Common Entrance Competitive Examination,Diploma,Bihar,,,G.P. BANKA,MECHANICAL ENGINEERING,UR,,,2694,7997
Bihar Combined Entrance Competitive Examination Board (BCECEB),Bihar Polytechnic Common Entrance Competitive Examination,Diploma,Bihar,,,G.P. BARH,ARTIFICIAL INTELLIGENCE AND MACHINE LEARNING,E-UR,,,6444,6444
Bihar Combined Entrance Competitive Examination Board (BCECEB),Bihar Polytechnic Common Entrance Competitive Examination,Diploma,Bihar,,,G.P. BARH,ARTIFICIAL INTELLIGENCE AND MACHINE LEARNING,UR,,,362,6221
Bihar Combined Entrance Competitive Examination Board (BCECEB),Bihar Polytechnic Common Entrance Competitive Examination,Diploma,Bihar,,,G.P. BARH,CIVIL ENGG (CONSTRUCTION TECH.),E-UR,,,4492,4675
Bihar Combined Entrance Competitive Examination Board (BCECEB),Bihar Polytechnic Common Entrance Competitive Examination,Diploma,Bihar,,,G.P. BARH,CIVIL ENGG (CONSTRUCTION TECH.),UR,,,159,4219
Bihar Combined Entrance Competitive Examination Board (BCECEB),Bihar Polytechnic Common Entrance Competitive Examination,Diploma,Bihar,,,G.P. BARH,ELECTRONICS (ROBOTICS),E-UR,,,8358,8425
Bihar Combined Entrance Competitive Examination Board (BCECEB),Bihar Polytechnic Common Entrance Competitive Examination,Diploma,Bihar,,,G.P. BARH,ELECTRONICS (ROBOTICS),UR,,,887,7499
Bihar Combined Entrance Competitive Examination Board (BCECEB),Bihar Polytechnic Common Entrance Competitive Examination,Diploma,Bihar,,,G.P. BARH,MECHANICAL ENGG (CAD/CAM),E-UR,,,8294,8294
Bihar Combined Entrance Competitive Examination Board (BCECEB),Bihar Polytechnic Common Entrance Competitive Examination,Diploma,Bihar,,,G.P. BARH,MECHANICAL ENGG (CAD/CAM),UR,,,1832,3922
Bihar Combined Entrance Competitive Examination Board (BCECEB),Bihar Polytechnic Common Entrance Competitive Examination,Diploma,Bihar,,,G.P. BHOJPUR,CIVIL ENGINEERING,E-UR,,,4117,4176
Bihar Combined Entrance Competitive Examination Board (BCECEB),Bihar Polytechnic Common Entrance Competitive Examination,Diploma,Bihar,,,G.P. BHOJPUR,CIVIL ENGINEERING,UR,,,542,4016
Bihar Combined Entrance Competitive Examination Board (BCECEB),Bihar Polytechnic Common Entrance Competitive Examination,Diploma,Bihar,,,G.P. BHOJPUR,COMPUTER SC. & ENGINEERING,E-UR,,,8102,8102
Bihar Combined Entrance Competitive Examination Board (BCECEB),Bihar Polytechnic Common Entrance Competitive Examination,Diploma,Bihar,,,G.P. BHOJPUR,COMPUTER SC. & ENGINEERING,UR,,,1059,7993
Bihar Combined Entrance Competitive Examination Board (BCECEB),Bihar Polytechnic Common Entrance Competitive Examination,Diploma,Bihar,,,G.P. BHOJPUR,ELECTRICAL ENGG.,E-UR,,,6891,6891
Bihar Combined Entrance Competitive Examination Board (BCECEB),Bihar Polytechnic Common Entrance Competitive Examination,Diploma,Bihar,,,G.P. BHOJPUR,ELECTRICAL ENGG.,UR,,,880,6875
Bihar Combined Entrance Competitive Examination Board (BCECEB),Bihar Polytechnic Common Entrance Competitive Examination,Diploma,Bihar,,,G.P. BHOJPUR,MECHANICAL ENGINEERING,E-UR,,,8201,8201
Bihar Combined Entrance Competitive Examination Board (BCECEB),Bihar Polytechnic Common Entrance Competitive Examination,Diploma,Bihar,,,G.P. BHOJPUR,MECHANICAL ENGINEERING,UR,,,501,7527
Bihar Combined Entrance Competitive Examination Board (BCECEB),Bihar Polytechnic Common Entrance Competitive Examination,Diploma,Bihar,,,G.P. BUXAR,CIVIL ENGINEERING,E-UR,,,4789,4806
Bihar Combined Entrance Competitive Examination Board (BCECEB),Bihar Polytechnic Common Entrance Competitive Examination,Diploma,Bihar,,,G.P. BUXAR,CIVIL ENGINEERING,UR,,,202,4708
Bihar Combined Entrance Competitive Examination Board (BCECEB),Bihar Polytechnic Common Entrance Competitive Examination,Diploma,Bihar,,,G.P. BUXAR,COMPUTER SC. & ENGINEERING,E-UR,,,8224,8274
Bihar Combined Entrance Competitive Examination Board (BCECEB),Bihar Polytechnic Common Entrance Competitive Examination,Diploma,Bihar,,,G.P. BUXAR,COMPUTER SC. & ENGINEERING,UR,,,3068,7241
Bihar Combined Entrance Competitive Examination Board (BCECEB),Bihar Polytechnic Common Entrance Competitive Examination,Diploma,Bihar,,,G.P. BUXAR,ELECTRICAL ENGG.,E-UR,,,8106,8196
Bihar Combined Entrance Competitive Examination Board (BCECEB),Bihar Polytechnic Common Entrance Competitive Examination,Diploma,Bihar,,,G.P. BUXAR,ELECTRICAL ENGG.,UR,,,277,7991
Bihar Combined Entrance Competitive Examination Board (BCECEB),Bihar Polytechnic Common Entrance Competitive Examination,Diploma,Bihar,,,G.P. BUXAR,MECHANICAL ENGINEERING,E-UR,,,8608,8608
Bihar Combined Entrance Competitive Examination Board (BCECEB),Bihar Polytechnic Common Entrance Competitive Examination,Diploma,Bihar,,,G.P. BUXAR,MECHANICAL ENGINEERING,UR,,,2896,7601
Bihar Combined Entrance Competitive Examination Board (BCECEB),Bihar Polytechnic Common Entrance Competitive Examination,Diploma,Bihar,,,G.P. JAMUI,CIVIL ENGINEERING,E-UR,,,3979,4088
Bihar Combined Entrance Competitive Examination Board (BCECEB),Bihar Polytechnic Common Entrance Competitive Examination,Diploma,Bihar,,,G.P. JAMUI,CIVIL ENGINEERING,UR,,,236,3972
Bihar Combined Entrance Competitive Examination Board (BCECEB),Bihar Polytechnic Common Entrance Competitive Examination,Diploma,Bihar,,,G.P. JAMUI,COMPUTER SC. & ENGINEERING,E-UR,,,8191,8662
Bihar Combined Entrance Competitive Examination Board (BCECEB),Bihar Polytechnic Common Entrance Competitive Examination,Diploma,Bihar,,,G.P. JAMUI,COMPUTER SC. & ENGINEERING,UR,,,2711,7083
Bihar Combined Entrance Competitive Examination Board (BCECEB),Bihar Polytechnic Common Entrance Competitive Examination,Diploma,Bihar,,,G.P. JAMUI,ELECTRICAL ENGG.,E-UR,,,8348,8372
Bihar Combined Entrance Competitive Examination Board (BCECEB),Bihar Polytechnic Common Entrance Competitive Examination,Diploma,Bihar,,,G.P. JAMUI,ELECTRICAL ENGG.,UR,,,2659,7939
Bihar Combined Entrance Competitive Examination Board (BCECEB),Bihar Polytechnic Common Entrance Competitive Examination,Diploma,Bihar,,,G.P. JAMUI,ELECTRONICS ENGINEERING,E-UR,,,8055,8055
Bihar Combined Entrance Competitive Examination Board (BCECEB),Bihar Polytechnic Common Entrance Competitive Examination,Diploma,Bihar,,,G.P. JAMUI,ELECTRONICS ENGINEERING,UR,,,7444,7444
Bihar Combined Entrance Competitive Examination Board (BCECEB),Bihar Polytechnic Common Entrance Competitive Examination,Diploma,Bihar,,,G.P. JAMUI,MECHANICAL ENGINEERING,E-UR,,,8573,8573
Bihar Combined Entrance Competitive Examination Board (BCECEB),Bihar Polytechnic Common Entrance Competitive Examination,Diploma,Bihar,,,G.P. JEHANABAD,CIVIL ENGINEERING,E-UR,,,1571,1571
Bihar Combined Entrance Competitive Examination Board (BCECEB),Bihar Polytechnic Common Entrance Competitive Examination,Diploma,Bihar,,,G.P. JEHANABAD,CIVIL ENGINEERING,UR,,,302,1569
Bihar Combined Entrance Competitive Examination Board (BCECEB),Bihar Polytechnic Common Entrance Competitive Examination,Diploma,Bihar,,,G.P. JEHANABAD,COMPUTER SC. & ENGINEERING,E-UR,,,8572,8572
Bihar Combined Entrance Competitive Examination Board (BCECEB),Bihar Polytechnic Common Entrance Competitive Examination,Diploma,Bihar,,,G.P. JEHANABAD,COMPUTER SC. & ENGINEERING,UR,,,2625,7838
Bihar Combined Entrance Competitive Examination Board (BCECEB),Bihar Polytechnic Common Entrance Competitive Examination,Diploma,Bihar,,,G.P. JEHANABAD,ELECTRICAL ENGG.,E-UR,,,6562,6611
Bihar Combined Entrance Competitive Examination Board (BCECEB),Bihar Polytechnic Common Entrance Competitive Examination,Diploma,Bihar,,,G.P. JEHANABAD,ELECTRICAL ENGG.,UR,,,1528,6448
Bihar Combined Entrance Competitive Examination Board (BCECEB),Bihar Polytechnic Common Entrance Competitive Examination,Diploma,Bihar,,,G.P. JEHANABAD,ELECTRONICS ENGINEERING,E-UR,,,8150,8150
Bihar Combined Entrance Competitive Examination Board (BCECEB),Bihar Polytechnic Common Entrance Competitive Examination,Diploma,Bihar,,,G.P. JEHANABAD,MECHANICAL ENGINEERING,E-UR,,,8069,8298
Bihar Combined Entrance Competitive Examination Board (BCECEB),Bihar Polytechnic Common Entrance Competitive Examination,Diploma,Bihar,,,G.P. JEHANABAD,MECHANICAL ENGINEERING,UR,,,1919,7631
Bihar Combined Entrance Competitive Examination Board (BCECEB),Bihar Polytechnic Common Entrance Competitive Examination,Diploma,Bihar,,,G.P. KAIMUR,CIVIL ENGINEERING,E-UR,,,5048,5127
Bihar Combined Entrance Competitive Examination Board (BCECEB),Bihar Polytechnic Common Entrance Competitive Examination,Diploma,Bihar,,,G.P. KAIMUR,CIVIL ENGINEERING,UR,,,198,5046
Bihar Combined Entrance Competitive Examination Board (BCECEB),Bihar Polytechnic Common Entrance Competitive Examination,Diploma,Bihar,,,G.P. KAIMUR,COMPUTER SC. & ENGINEERING,UR,,,7788,7788
Bihar Combined Entrance Competitive Examination Board (BCECEB),Bihar Polytechnic Common Entrance Competitive Examination,Diploma,Bihar,,,G.P. KAIMUR,ELECTRICAL ENGG.,E-UR,,,8247,8557
Bihar Combined Entrance Competitive Examination Board (BCECEB),Bihar Polytechnic Common Entrance Competitive Examination,Diploma,Bihar,,,G.P. KAIMUR,ELECTRICAL ENGG.,UR,,,382,8053
Bihar Combined Entrance Competitive Examination Board (BCECEB),Bihar Polytechnic Common Entrance Competitive Examination,Diploma,Bihar,,,G.P. KAIMUR,ELECTRONICS ENGINEERING,UR,,,1720,1720
Bihar Combined Entrance Competitive Examination Board (BCECEB),Bihar Polytechnic Common Entrance Competitive Examination,Diploma,Bihar,,,G.P. KHAGARIA,CIVIL ENGINEERING,E-UR,,,5599,5613
Bihar Combined Entrance Competitive Examination Board (BCECEB),Bihar Polytechnic Common Entrance Competitive Examination,Diploma,Bihar,,,G.P. KHAGARIA,CIVIL ENGINEERING,UR,,,582,5506
Bihar Combined Entrance Competitive Examination Board (BCECEB),Bihar Polytechnic Common Entrance Competitive Examination,Diploma,Bihar,,,G.P. KHAGARIA,COMPUTER SC. & ENGINEERING,E-UR,,,8179,8179
Bihar Combined Entrance Competitive Examination Board (BCECEB),Bihar Polytechnic Common Entrance Competitive Examination,Diploma,Bihar,,,G.P. KHAGARIA,COMPUTER SC. & ENGINEERING,UR,,,6725,7854
Bihar Combined Entrance Competitive Examination Board (BCECEB),Bihar Polytechnic Common Entrance Competitive Examination,Diploma,Bihar,,,G.P. KHAGARIA,ELECTRICAL ENGG.,E-UR,,,8130,8130
Bihar Combined Entrance Competitive Examination Board (BCECEB),Bihar Polytechnic Common Entrance Competitive Examination,Diploma,Bihar,,,G.P. KHAGARIA,ELECTRICAL ENGG.,UR,,,3108,7812
Bihar Combined Entrance Competitive Examination Board (BCECEB),Bihar Polytechnic Common Entrance Competitive Examination,Diploma,Bihar,,,G.P. KHAGARIA,ELECTRONICS ENGINEERING,E-UR,,,8503,8503
Bihar Combined Entrance Competitive Examination Board (BCECEB),Bihar Polytechnic Common Entrance Competitive Examination,Diploma,Bihar,,,G.P. KHAGARIA,MECHANICAL ENGINEERING,E-UR,,,8548,8548
Bihar Combined Entrance Competitive Examination Board (BCECEB),Bihar Polytechnic Common Entrance Competitive Examination,Diploma,Bihar,,,G.P. KISHANGANJ,CIVIL ENGINEERING,E-UR,,,7523,7548
Bihar Combined Entrance Competitive Examination Board (BCECEB),Bihar Polytechnic Common Entrance Competitive Examination,Diploma,Bihar,,,G.P. KISHANGANJ,CIVIL ENGINEERING,UR,,,1041,7494
Bihar Combined Entrance Competitive Examination Board (BCECEB),Bihar Polytechnic Common Entrance Competitive Examination,Diploma,Bihar,,,G.P. KISHANGANJ,ELECTRICAL ENGG.,E-UR,,,8597,8597
Bihar Combined Entrance Competitive Examination Board (BCECEB),Bihar Polytechnic Common Entrance Competitive Examination,Diploma,Bihar,,,G.P. KISHANGANJ,ELECTRICAL ENGG.,UR,,,1207,7053
Bihar Combined Entrance Competitive Examination Board (BCECEB),Bihar Polytechnic Common Entrance Competitive Examination,Diploma,Bihar,,,G.P. MADHEPURA,CIVIL ENGINEERING,E-UR,,,6813,6893
Bihar Combined Entrance Competitive Examination Board (BCECEB),Bihar Polytechnic Common Entrance Competitive Examination,Diploma,Bihar,,,G.P. MADHEPURA,CIVIL ENGINEERING,UR,,,644,6796
Bihar Combined Entrance Competitive Examination Board (BCECEB),Bihar Polytechnic Common Entrance Competitive Examination,Diploma,Bihar,,,G.P. MADHEPURA,COMPUTER SC. & ENGINEERING,UR,,,4008,6783
Bihar Combined Entrance Competitive Examination Board (BCECEB),Bihar Polytechnic Common Entrance Competitive Examination,Diploma,Bihar,,,G.P. MADHEPURA,ELECTRICAL ENGG.,E-UR,,,8664,8664
Bihar Combined Entrance Competitive Examination Board (BCECEB),Bihar Polytechnic Common Entrance Competitive Examination,Diploma,Bihar,,,G.P. MADHEPURA,ELECTRICAL ENGG.,UR,,,3572,3572
Bihar Combined Entrance Competitive Examination Board (BCECEB),Bihar Polytechnic Common Entrance Competitive Examination,Diploma,Bihar,,,G.P. MADHEPURA,ELECTRONICS ENGINEERING,UR,,,1562,1562
Bihar Combined Entrance Competitive Examination Board (BCECEB),Bihar Polytechnic Common Entrance Competitive Examination,Diploma,Bihar,,,G.P. MUNGER,CIVIL ENGINEERING,E-UR,,,3277,3334
Bihar Combined Entrance Competitive Examination Board (BCECEB),Bihar Polytechnic Common Entrance Competitive Examination,Diploma,Bihar,,,G.P. MUNGER,CIVIL ENGINEERING,UR,,,589,3263
Bihar Combined Entrance Competitive Examination Board (BCECEB),Bihar Polytechnic Common Entrance Competitive Examination,Diploma,Bihar,,,G.P. MUNGER,COMPUTER SC. & ENGINEERING,E-UR,,,8260,8320
Bihar Combined Entrance Competitive Examination Board (BCECEB),Bihar Polytechnic Common Entrance Competitive Examination,Diploma,Bihar,,,G.P. MUNGER,COMPUTER SC. & ENGINEERING,UR,,,5164,7831
Bihar Combined Entrance Competitive Examination Board (BCECEB),Bihar Polytechnic Common Entrance Competitive Examination,Diploma,Bihar,,,G.P. MUNGER,ELECTRICAL ENGG.,E-UR,,,8395,8395
Bihar Combined Entrance Competitive Examination Board (BCECEB),Bihar Polytechnic Common Entrance Competitive Examination,Diploma,Bihar,,,G.P. MUNGER,ELECTRICAL ENGG.,UR,,,179,8031
Bihar Combined Entrance Competitive Examination Board (BCECEB),Bihar Polytechnic Common Entrance Competitive Examination,Diploma,Bihar,,,G.P. MUNGER,ELECTRONICS ENGINEERING,UR,,,2838,7184
Bihar Combined Entrance Competitive Examination Board (BCECEB),Bihar Polytechnic Common Entrance Competitive Examination,Diploma,Bihar,,,G.P. MUNGER,MECHANICAL ENGINEERING,E-UR,,,8243,8322
Bihar Combined Entrance Competitive Examination Board (BCECEB),Bihar Polytechnic Common Entrance Competitive Examination,Diploma,Bihar,,,G.P. MUNGER,MECHANICAL ENGINEERING,UR,,,118,7399
Bihar Combined Entrance Competitive Examination Board (BCECEB),Bihar Polytechnic Common Entrance Competitive Examination,Diploma,Bihar,,,G.P. NAWADA,CIVIL ENGINEERING,E-UR,,,2526,2565
Bihar Combined Entrance Competitive Examination Board (BCECEB),Bihar Polytechnic Common Entrance Competitive Examination,Diploma,Bihar,,,G.P. NAWADA,CIVIL ENGINEERING,UR,,,554,2495
Bihar Combined Entrance Competitive Examination Board (BCECEB),Bihar Polytechnic Common Entrance Competitive Examination,Diploma,Bihar,,,G.P. NAWADA,COMPUTER SC. & ENGINEERING,E-UR,,,7705,7705
Bihar Combined Entrance Competitive Examination Board (BCECEB),Bihar Polytechnic Common Entrance Competitive Examination,Diploma,Bihar,,,G.P. NAWADA,COMPUTER SC. & ENGINEERING,UR,,,2920,6753
Bihar Combined Entrance Competitive Examination Board (BCECEB),Bihar Polytechnic Common Entrance Competitive Examination,Diploma,Bihar,,,G.P. NAWADA,ELECTRICAL ENGG.,E-UR,,,7804,7858
Bihar Combined Entrance Competitive Examination Board (BCECEB),Bihar Polytechnic Common Entrance Competitive Examination,Diploma,Bihar,,,G.P. NAWADA,ELECTRICAL ENGG.,UR,,,2743,7687
Bihar Combined Entrance Competitive Examination Board (BCECEB),Bihar Polytechnic Common Entrance Competitive Examination,Diploma,Bihar,,,G.P. NAWADA,ELECTRONICS ENGINEERING,UR,,,4846,4846
Bihar Combined Entrance Competitive Examination Board (BCECEB),Bihar Polytechnic Common Entrance Competitive Examination,Diploma,Bihar,,,G.P. NAWADA,MECHANICAL ENGINEERING,E-UR,,,8257,8257
Bihar Combined Entrance Competitive Examination Board (BCECEB),Bihar Polytechnic Common Entrance Competitive Examination,Diploma,Bihar,,,G.P. NAWADA,MECHANICAL ENGINEERING,UR,,,5821,7236
Bihar Combined Entrance Competitive Examination Board (BCECEB),Bihar Polytechnic Common Entrance Competitive Examination,Diploma,Bihar,,,G.P. NAWADA,MINING ENGG.,UR,,,631,7633
Bihar Combined Entrance Competitive Examination Board (BCECEB),Bihar Polytechnic Common Entrance Competitive Examination,Diploma,Bihar,,,G.P. SHEIKHPURA,CIVIL ENGINEERING,E-UR,,,3546,3571
Bihar Combined Entrance Competitive Examination Board (BCECEB),Bihar Polytechnic Common Entrance Competitive Examination,Diploma,Bihar,,,G.P. SHEIKHPURA,CIVIL ENGINEERING,UR,,,985,3408
Bihar Combined Entrance Competitive Examination Board (BCECEB),Bihar Polytechnic Common Entrance Competitive Examination,Diploma,Bihar,,,G.P. SHEIKHPURA,ELECTRICAL ENGG.,E-UR,,,8076,8140
Bihar Combined Entrance Competitive Examination Board (BCECEB),Bihar Polytechnic Common Entrance Competitive Examination,Diploma,Bihar,,,G.P. SHEIKHPURA,ELECTRICAL ENGG.,UR,,,2700,8025
Bihar Combined Entrance Competitive Examination Board (BCECEB),Bihar Polytechnic Common Entrance Competitive Examination,Diploma,Bihar,,,G.P. SHEIKHPURA,MECHANICAL ENGINEERING,UR,,,5817,7835
Bihar Combined Entrance Competitive Examination Board (BCECEB),Bihar Polytechnic Common Entrance Competitive Examination,Diploma,Bihar,,,G.P. SITAMARHI,CIVIL ENGINEERING,E-UR,,,5843,5984
Bihar Combined Entrance Competitive Examination Board (BCECEB),Bihar Polytechnic Common Entrance Competitive Examination,Diploma,Bihar,,,G.P. SITAMARHI,CIVIL ENGINEERING,UR,,,998,5775
Bihar Combined Entrance Competitive Examination Board (BCECEB),Bihar Polytechnic Common Entrance Competitive Examination,Diploma,Bihar,,,G.P. SITAMARHI,COMPUTER SC. & ENGINEERING,E-UR,,,8185,8675
Bihar Combined Entrance Competitive Examination Board (BCECEB),Bihar Polytechnic Common Entrance Competitive Examination,Diploma,Bihar,,,G.P. SITAMARHI,COMPUTER SC. & ENGINEERING,UR,,,1183,7836
Bihar Combined Entrance Competitive Examination Board (BCECEB),Bihar Polytechnic Common Entrance Competitive Examination,Diploma,Bihar,,,G.P. SITAMARHI,ELECTRICAL ENGG.,E-UR,,,8341,8341
Bihar Combined Entrance Competitive Examination Board (BCECEB),Bihar Polytechnic Common Entrance Competitive Examination,Diploma,Bihar,,,G.P. SITAMARHI,ELECTRICAL ENGG.,UR,,,5853,7287
Bihar Combined Entrance Competitive Examination Board (BCECEB),Bihar Polytechnic Common Entrance Competitive Examination,Diploma,Bihar,,,G.P. SITAMARHI,MECHANICAL ENGINEERING,UR,,,7017,7857
Bihar Combined Entrance Competitive Examination Board (BCECEB),Bihar Polytechnic Common Entrance Competitive Examination,Diploma,Bihar,,,G.P. SIWAN,CIVIL ENGINEERING,E-UR,,,6219,6355
Bihar Combined Entrance Competitive Examination Board (BCECEB),Bihar Polytechnic Common Entrance Competitive Examination,Diploma,Bihar,,,G.P. SIWAN,CIVIL ENGINEERING,UR,,,659,6156
Bihar Combined Entrance Competitive Examination Board (BCECEB),Bihar Polytechnic Common Entrance Competitive Examination,Diploma,Bihar,,,G.P. SIWAN,COMPUTER SC. & ENGINEERING,UR,,,2546,7555
Bihar Combined Entrance Competitive Examination Board (BCECEB),Bihar Polytechnic Common Entrance Competitive Examination,Diploma,Bihar,,,G.P. SIWAN,ELECTRICAL ENGG.,E-UR,,,8230,8623
Bihar Combined Entrance Competitive Examination Board (BCECEB),Bihar Polytechnic Common Entrance Competitive Examination,Diploma,Bihar,,,G.P. SIWAN,ELECTRICAL ENGG.,UR,,,1729,7985
Bihar Combined Entrance Competitive Examination Board (BCECEB),Bihar Polytechnic Common Entrance Competitive Examination,Diploma,Bihar,,,G.P. SIWAN,MECHANICAL ENGINEERING,UR,,,2860,7956
Bihar Combined Entrance Competitive Examination Board (BCECEB),Bihar Polytechnic Common Entrance Competitive Examination,Diploma,Bihar,,,G.P. SUPAUL,CIVIL ENGINEERING,E-UR,,,6641,6737
Bihar Combined Entrance Competitive Examination Board (BCECEB),Bihar Polytechnic Common Entrance Competitive Examination,Diploma,Bihar,,,G.P. SUPAUL,CIVIL ENGINEERING,UR,,,41,6637
Bihar Combined Entrance Competitive Examination Board (BCECEB),Bihar Polytechnic Common Entrance Competitive Examination,Diploma,Bihar,,,G.P. SUPAUL,ELECTRICAL ENGG.,E-UR,,,8464,8464
Bihar Combined Entrance Competitive Examination Board (BCECEB),Bihar Polytechnic Common Entrance Competitive Examination,Diploma,Bihar,,,G.P. SUPAUL,ELECTRICAL ENGG.,UR,,,2474,7242
Bihar Combined Entrance Competitive Examination Board (BCECEB),Bihar Polytechnic Common Entrance Competitive Examination,Diploma,Bihar,,,G.P. SUPAUL,MECHANICAL ENGINEERING,UR,,,7970,7970
Bihar Combined Entrance Competitive Examination Board (BCECEB),Bihar Polytechnic Common Entrance Competitive Examination,Diploma,Bihar,,,"G.P. TEKARI, GAYA",CIVIL ENGINEERING,E-UR,,,1297,1321
Bihar Combined Entrance Competitive Examination Board (BCECEB),Bihar Polytechnic Common Entrance Competitive Examination,Diploma,Bihar,,,"G.P. TEKARI, GAYA",CIVIL ENGINEERING,UR,,,432,1292
Bihar Combined Entrance Competitive Examination Board (BCECEB),Bihar Polytechnic Common Entrance Competitive Examination,Diploma,Bihar,,,"G.P. TEKARI, GAYA",COMPUTER SC. & ENGINEERING,E-UR,,,6142,6160
Bihar Combined Entrance Competitive Examination Board (BCECEB),Bihar Polytechnic Common Entrance Competitive Examination,Diploma,Bihar,,,"G.P. TEKARI, GAYA",COMPUTER SC. & ENGINEERING,UR,,,749,6063
Bihar Combined Entrance Competitive Examination Board (BCECEB),Bihar Polytechnic Common Entrance Competitive Examination,Diploma,Bihar,,,"G.P. TEKARI, GAYA",ELECTRICAL ENGG.,E-UR,,,4017,4017
Bihar Combined Entrance Competitive Examination Board (BCECEB),Bihar Polytechnic Common Entrance Competitive Examination,Diploma,Bihar,,,"G.P. TEKARI, GAYA",ELECTRICAL ENGG.,UR,,,1867,4002
Bihar Combined Entrance Competitive Examination Board (BCECEB),Bihar Polytechnic Common Entrance Competitive Examination,Diploma,Bihar,,,"G.P. TEKARI, GAYA",ELECTRONICS ENGINEERING,E-UR,,,8404,8404
Bihar Combined Entrance Competitive Examination Board (BCECEB),Bihar Polytechnic Common Entrance Competitive Examination,Diploma,Bihar,,,"G.P. TEKARI, GAYA",ELECTRONICS ENGINEERING,UR,,,4666,7153
Bihar Combined Entrance Competitive Examination Board (BCECEB),Bihar Polytechnic Common Entrance Competitive Examination,Diploma,Bihar,,,"G.P. TEKARI, GAYA",MECHANICAL ENGINEERING,E-UR,,,8155,8155
Bihar Combined Entrance Competitive Examination Board (BCECEB),Bihar Polytechnic Common Entrance Competitive Examination,Diploma,Bihar,,,"G.P. TEKARI, GAYA",MECHANICAL ENGINEERING,UR,,,4638,7969
Bihar Combined Entrance Competitive Examination Board (BCECEB),Bihar Polytechnic Common Entrance Competitive Examination,Diploma,Bihar,,,G.P. WEST CHAMPARAN,CIVIL ENGINEERING,E-UR,,,7496,7557
Bihar Combined Entrance Competitive Examination Board (BCECEB),Bihar Polytechnic Common Entrance Competitive Examination,Diploma,Bihar,,,G.P. WEST CHAMPARAN,CIVIL ENGINEERING,UR,,,639,7390
Bihar Combined Entrance Competitive Examination Board (BCECEB),Bihar Polytechnic Common Entrance Competitive Examination,Diploma,Bihar,,,G.P. WEST CHAMPARAN,COMPUTER SC. & ENGINEERING,E-UR,,,8227,8227
Bihar Combined Entrance Competitive Examination Board (BCECEB),Bihar Polytechnic Common Entrance Competitive Examination,Diploma,Bihar,,,G.P. WEST CHAMPARAN,COMPUTER SC. & ENGINEERING,UR,,,5104,8003
Bihar Combined Entrance Competitive Examination Board (BCECEB),Bihar Polytechnic Common Entrance Competitive Examination,Diploma,Bihar,,,G.P. WEST CHAMPARAN,ELECTRICAL ENGG.,E-UR,,,8161,8477
Bihar Combined Entrance Competitive Examination Board (BCECEB),Bihar Polytechnic Common Entrance Competitive Examination,Diploma,Bihar,,,G.P. WEST CHAMPARAN,ELECTRICAL ENGG.,UR,,,3044,7805
Bihar Combined Entrance Competitive Examination Board (BCECEB),Bihar Polytechnic Common Entrance Competitive Examination,Diploma,Bihar,,,G.P. WEST CHAMPARAN,MECHANICAL ENGINEERING,E-UR,,,8235,8235
Bihar Combined Entrance Competitive Examination Board (BCECEB),Bihar Polytechnic Common Entrance Competitive Examination,Diploma,Bihar,,,G.P. WEST CHAMPARAN,MECHANICAL ENGINEERING,UR,,,873,7313
Bihar Combined Entrance Competitive Examination Board (BCECEB),Bihar Polytechnic Common Entrance Competitive Examination,Diploma,Bihar,,,"G.P.ASTHAWAN, NALANDA",CIVIL ENGINEERING,E-UR,,,1778,1891
Bihar Combined Entrance Competitive Examination Board (BCECEB),Bihar Polytechnic Common Entrance Competitive Examination,Diploma,Bihar,,,"G.P.ASTHAWAN, NALANDA",CIVIL ENGINEERING,UR,,,132,1726
Bihar Combined Entrance Competitive Examination Board (BCECEB),Bihar Polytechnic Common Entrance Competitive Examination,Diploma,Bihar,,,"G.P.ASTHAWAN, NALANDA",COMPUTER SC. & ENGINEERING,E-UR,,,7251,7251
Bihar Combined Entrance Competitive Examination Board (BCECEB),Bihar Polytechnic Common Entrance Competitive Examination,Diploma,Bihar,,,"G.P.ASTHAWAN, NALANDA",COMPUTER SC. & ENGINEERING,UR,,,2317,7217
Bihar Combined Entrance Competitive Examination Board (BCECEB),Bihar Polytechnic Common Entrance Competitive Examination,Diploma,Bihar,,,"G.P.ASTHAWAN, NALANDA",ELECTRICAL ENGG.,E-UR,,,4545,4748
Bihar Combined Entrance Competitive Examination Board (BCECEB),Bihar Polytechnic Common Entrance Competitive Examination,Diploma,Bihar,,,"G.P.ASTHAWAN, NALANDA",ELECTRICAL ENGG.,UR,,,1690,4475
Bihar Combined Entrance Competitive Examination Board (BCECEB),Bihar Polytechnic Common Entrance Competitive Examination,Diploma,Bihar,,,"G.P.ASTHAWAN, NALANDA",ELECTRONICS ENGINEERING,E-UR,,,8383,8383
Bihar Combined Entrance Competitive Examination Board (BCECEB),Bihar Polytechnic Common Entrance Competitive Examination,Diploma,Bihar,,,"G.P.ASTHAWAN, NALANDA",ELECTRONICS ENGINEERING,UR,,,3722,7518
Bihar Combined Entrance Competitive Examination Board (BCECEB),Bihar Polytechnic Common Entrance Competitive Examination,Diploma,Bihar,,,"G.P.ASTHAWAN, NALANDA",MECHANICAL ENGINEERING,E-UR,,,8449,8449
Bihar Combined Entrance Competitive Examination Board (BCECEB),Bihar Polytechnic Common Entrance Competitive Examination,Diploma,Bihar,,,"G.P.ASTHAWAN, NALANDA",MECHANICAL ENGINEERING,UR,,,947,7674
Bihar Combined Entrance Competitive Examination Board (BCECEB),Bihar Polytechnic Common Entrance Competitive Examination,Diploma,Bihar,,,"G.P.BARAUNI , BEGUSARAI",CHEMICAL ENGINEERING,E-UR,,,4614,4614
Bihar Combined Entrance Competitive Examination Board (BCECEB),Bihar Polytechnic Common Entrance Competitive Examination,Diploma,Bihar,,,"G.P.BARAUNI , BEGUSARAI",CHEMICAL ENGINEERING,UR,,,528,4469
Bihar Combined Entrance Competitive Examination Board (BCECEB),Bihar Polytechnic Common Entrance Competitive Examination,Diploma,Bihar,,,"G.P.BARAUNI , BEGUSARAI",CIVIL ENGINEERING,E-UR,,,1906,1925
Bihar Combined Entrance Competitive Examination Board (BCECEB),Bihar Polytechnic Common Entrance Competitive Examination,Diploma,Bihar,,,"G.P.BARAUNI , BEGUSARAI",CIVIL ENGINEERING,UR,,,101,1860
Bihar Combined Entrance Competitive Examination Board (BCECEB),Bihar Polytechnic Common Entrance Competitive Examination,Diploma,Bihar,,,"G.P.BARAUNI , BEGUSARAI",COMPUTER SC. & ENGINEERING,E-UR,,,5868,6091
Bihar Combined Entrance Competitive Examination Board (BCECEB),Bihar Polytechnic Common Entrance Competitive Examination,Diploma,Bihar,,,"G.P.BARAUNI , BEGUSARAI",COMPUTER SC. & ENGINEERING,UR,,,1843,5728
Bihar Combined Entrance Competitive Examination Board (BCECEB),Bihar Polytechnic Common Entrance Competitive Examination,Diploma,Bihar,,,"G.P.BARAUNI , BEGUSARAI",ELECTRONICS ENGINEERING,E-UR,,,8070,8495
Bihar Combined Entrance Competitive Examination Board (BCECEB),Bihar Polytechnic Common Entrance Competitive Examination,Diploma,Bihar,,,"G.P.BARAUNI , BEGUSARAI",ELECTRONICS ENGINEERING,UR,,,2830,7484
Bihar Combined Entrance Competitive Examination Board (BCECEB),Bihar Polytechnic Common Entrance Competitive Examination,Diploma,Bihar,,,"G.P.BARAUNI , BEGUSARAI",FIRE TECHNOLOGY & SAFETY,E-UR,,,8624,8624
Bihar Combined Entrance Competitive Examination Board (BCECEB),Bihar Polytechnic Common Entrance Competitive Examination,Diploma,Bihar,,,"G.P.BARAUNI , BEGUSARAI",FIRE TECHNOLOGY & SAFETY,UR,,,3562,7926
Bihar Combined Entrance Competitive Examination Board (BCECEB),Bihar Polytechnic Common Entrance Competitive Examination,Diploma,Bihar,,,G.P.BHAGALPUR,AGRICULTURE ENGINEERING,E-UR,,,8091,8518
Bihar Combined Entrance Competitive Examination Board (BCECEB),Bihar Polytechnic Common Entrance Competitive Examination,Diploma,Bihar,,,G.P.BHAGALPUR,AGRICULTURE ENGINEERING,UR,,,2417,8039
Bihar Combined Entrance Competitive Examination Board (BCECEB),Bihar Polytechnic Common Entrance Competitive Examination,Diploma,Bihar,,,G.P.BHAGALPUR,CIVIL ENGINEERING,E-UR,,,806,822
Bihar Combined Entrance Competitive Examination Board (BCECEB),Bihar Polytechnic Common Entrance Competitive Examination,Diploma,Bihar,,,G.P.BHAGALPUR,CIVIL ENGINEERING,UR,,,72,792
Bihar Combined Entrance Competitive Examination Board (BCECEB),Bihar Polytechnic Common Entrance Competitive Examination,Diploma,Bihar,,,G.P.BHAGALPUR,COMPUTER SC. & ENGINEERING,E-UR,,,2998,2998
Bihar Combined Entrance Competitive Examination Board (BCECEB),Bihar Polytechnic Common Entrance Competitive Examination,Diploma,Bihar,,,G.P.BHAGALPUR,COMPUTER SC. & ENGINEERING,UR,,,89,2987
Bihar Combined Entrance Competitive Examination Board (BCECEB),Bihar Polytechnic Common Entrance Competitive Examination,Diploma,Bihar,,,G.P.BHAGALPUR,ELECTRICAL ENGG.,E-UR,,,2118,2118
Bihar Combined Entrance Competitive Examination Board (BCECEB),Bihar Polytechnic Common Entrance Competitive Examination,Diploma,Bihar,,,G.P.BHAGALPUR,ELECTRICAL ENGG.,UR,,,386,2101
Bihar Combined Entrance Competitive Examination Board (BCECEB),Bihar Polytechnic Common Entrance Competitive Examination,Diploma,Bihar,,,G.P.BHAGALPUR,ELECTRONICS ENGINEERING,E-UR,,,8181,8181
Bihar Combined Entrance Competitive Examination Board (BCECEB),Bihar Polytechnic Common Entrance Competitive Examination,Diploma,Bihar,,,G.P.BHAGALPUR,ELECTRONICS ENGINEERING,UR,,,1511,7880
Bihar Combined Entrance Competitive Examination Board (BCECEB),Bihar Polytechnic Common Entrance Competitive Examination,Diploma,Bihar,,,G.P.CHAPRA MARHOWRAH (SARAN),CIVIL ENGINEERING,E-UR,,,3119,3119
Bihar Combined Entrance Competitive Examination Board (BCECEB),Bihar Polytechnic Common Entrance Competitive Examination,Diploma,Bihar,,,G.P.CHAPRA MARHOWRAH (SARAN),CIVIL ENGINEERING,UR,,,17,3003
Bihar Combined Entrance Competitive Examination Board (BCECEB),Bihar Polytechnic Common Entrance Competitive Examination,Diploma,Bihar,,,G.P.CHAPRA MARHOWRAH (SARAN),COMPUTER SC. & ENGINEERING,E-UR,,,8292,8292
Bihar Combined Entrance Competitive Examination Board (BCECEB),Bihar Polytechnic Common Entrance Competitive Examination,Diploma,Bihar,,,G.P.CHAPRA MARHOWRAH (SARAN),COMPUTER SC. & ENGINEERING,UR,,,317,7902
Bihar Combined Entrance Competitive Examination Board (BCECEB),Bihar Polytechnic Common Entrance Competitive Examination,Diploma,Bihar,,,G.P.CHAPRA MARHOWRAH (SARAN),ELECTRICAL ENGG.,E-UR,,,5114,5236
Bihar Combined Entrance Competitive Examination Board (BCECEB),Bihar Polytechnic Common Entrance Competitive Examination,Diploma,Bihar,,,G.P.CHAPRA MARHOWRAH (SARAN),ELECTRICAL ENGG.,UR,,,535,4913
Bihar Combined Entrance Competitive Examination Board (BCECEB),Bihar Polytechnic Common Entrance Competitive Examination,Diploma,Bihar,,,G.P.CHAPRA MARHOWRAH (SARAN),ELECTRONICS ENGINEERING,UR,,,4065,7702
Bihar Combined Entrance Competitive Examination Board (BCECEB),Bihar Polytechnic Common Entrance Competitive Examination,Diploma,Bihar,,,G.P.CHAPRA MARHOWRAH (SARAN),MECHANICAL ENGINEERING,E-UR,,,8077,8238
Bihar Combined Entrance Competitive Examination Board (BCECEB),Bihar Polytechnic Common Entrance Competitive Examination,Diploma,Bihar,,,G.P.CHAPRA MARHOWRAH (SARAN),MECHANICAL ENGINEERING,UR,,,108,8000
Bihar Combined Entrance Competitive Examination Board (BCECEB),Bihar Polytechnic Common Entrance Competitive Examination,Diploma,Bihar,,,G.P.DARBHANGA,CIVIL ENGINEERING,E-UR,,,1845,1935
Bihar Combined Entrance Competitive Examination Board (BCECEB),Bihar Polytechnic Common Entrance Competitive Examination,Diploma,Bihar,,,G.P.DARBHANGA,CIVIL ENGINEERING,UR,,,49,1826
Bihar Combined Entrance Competitive Examination Board (BCECEB),Bihar Polytechnic Common Entrance Competitive Examination,Diploma,Bihar,,,G.P.DARBHANGA,COMPUTER SC. & ENGINEERING,E-UR,,,5210,5210
Bihar Combined Entrance Competitive Examination Board (BCECEB),Bihar Polytechnic Common Entrance Competitive Examination,Diploma,Bihar,,,G.P.DARBHANGA,COMPUTER SC. & ENGINEERING,UR,,,817,5156
Bihar Combined Entrance Competitive Examination Board (BCECEB),Bihar Polytechnic Common Entrance Competitive Examination,Diploma,Bihar,,,G.P.DARBHANGA,ELECTRICAL ENGG.,E-UR,,,6000,6026
Bihar Combined Entrance Competitive Examination Board (BCECEB),Bihar Polytechnic Common Entrance Competitive Examination,Diploma,Bihar,,,G.P.DARBHANGA,ELECTRICAL ENGG.,UR,,,476,5804
Bihar Combined Entrance Competitive Examination Board (BCECEB),Bihar Polytechnic Common Entrance Competitive Examination,Diploma,Bihar,,,G.P.DARBHANGA,ELECTRONICS ENGINEERING,E-UR,,,8382,8397
Bihar Combined Entrance Competitive Examination Board (BCECEB),Bihar Polytechnic Common Entrance Competitive Examination,Diploma,Bihar,,,G.P.DARBHANGA,ELECTRONICS ENGINEERING,UR,,,2301,7449
Bihar Combined Entrance Competitive Examination Board (BCECEB),Bihar Polytechnic Common Entrance Competitive Examination,Diploma,Bihar,,,G.P.DARBHANGA,MECHANICAL ENGINEERING,E-UR,,,8162,8162
Bihar Combined Entrance Competitive Examination Board (BCECEB),Bihar Polytechnic Common Entrance Competitive Examination,Diploma,Bihar,,,G.P.DARBHANGA,MECHANICAL ENGINEERING,UR,,,2745,8014
Bihar Combined Entrance Competitive Examination Board (BCECEB),Bihar Polytechnic Common Entrance Competitive Examination,Diploma,Bihar,,,G.P.DEHRI ON SONE,CIVIL ENGINEERING,E-UR,,,2676,2821
Bihar Combined Entrance Competitive Examination Board (BCECEB),Bihar Polytechnic Common Entrance Competitive Examination,Diploma,Bihar,,,G.P.DEHRI ON SONE,CIVIL ENGINEERING,UR,,,164,2674
Bihar Combined Entrance Competitive Examination Board (BCECEB),Bihar Polytechnic Common Entrance Competitive Examination,Diploma,Bihar,,,G.P.DEHRI ON SONE,COMPUTER SC. & ENGINEERING,UR,,,734,8049
Bihar Combined Entrance Competitive Examination Board (BCECEB),Bihar Polytechnic Common Entrance Competitive Examination,Diploma,Bihar,,,G.P.DEHRI ON SONE,ELECTRICAL ENGG.,E-UR,,,6859,6859
Bihar Combined Entrance Competitive Examination Board (BCECEB),Bihar Polytechnic Common Entrance Competitive Examination,Diploma,Bihar,,,G.P.DEHRI ON SONE,ELECTRICAL ENGG.,UR,,,1911,6789
Bihar Combined Entrance Competitive Examination Board (BCECEB),Bihar Polytechnic Common Entrance Competitive Examination,Diploma,Bihar,,,G.P.DEHRI ON SONE,ELECTRONICS ENGINEERING,E-UR,,,8598,8598
Bihar Combined Entrance Competitive Examination Board (BCECEB),Bihar Polytechnic Common Entrance Competitive Examination,Diploma,Bihar,,,G.P.DEHRI ON SONE,ELECTRONICS ENGINEERING,UR,,,6992,6992
Bihar Combined Entrance Competitive Examination Board (BCECEB),Bihar Polytechnic Common Entrance Competitive Examination,Diploma,Bihar,,,G.P.DEHRI ON SONE,MECHANICAL ENGINEERING,E-UR,,,8370,8370
Bihar Combined Entrance Competitive Examination Board (BCECEB),Bihar Polytechnic Common Entrance Competitive Examination,Diploma,Bihar,,,G.P.DEHRI ON SONE,MECHANICAL ENGINEERING,UR,,,879,7551
Bihar Combined Entrance Competitive Examination Board (BCECEB),Bihar Polytechnic Common Entrance Competitive Examination,Diploma,Bihar,,,G.P.GAYA,CIVIL ENGINEERING,E-UR,,,428,431
Bihar Combined Entrance Competitive Examination Board (BCECEB),Bihar Polytechnic Common Entrance Competitive Examination,Diploma,Bihar,,,G.P.GAYA,CIVIL ENGINEERING,UR,,,39,422
Bihar Combined Entrance Competitive Examination Board (BCECEB),Bihar Polytechnic Common Entrance Competitive Examination,Diploma,Bihar,,,G.P.GAYA,COMPUTER SC. & ENGINEERING,E-UR,,,2758,2758
Bihar Combined Entrance Competitive Examination Board (BCECEB),Bihar Polytechnic Common Entrance Competitive Examination,Diploma,Bihar,,,G.P.GAYA,COMPUTER SC. & ENGINEERING,UR,,,799,2744
Bihar Combined Entrance Competitive Examination Board (BCECEB),Bihar Polytechnic Common Entrance Competitive Examination,Diploma,Bihar,,,G.P.GAYA,ELECTRICAL ENGG.,E-UR,,,1367,1429
Bihar Combined Entrance Competitive Examination Board (BCECEB),Bihar Polytechnic Common Entrance Competitive Examination,Diploma,Bihar,,,G.P.GAYA,ELECTRICAL ENGG.,UR,,,5,1245
Bihar Combined Entrance Competitive Examination Board (BCECEB),Bihar Polytechnic Common Entrance Competitive Examination,Diploma,Bihar,,,G.P.GAYA,ELECTRONICS ENGINEERING,E-UR,,,8136,8524
Bihar Combined Entrance Competitive Examination Board (BCECEB),Bihar Polytechnic Common Entrance Competitive Examination,Diploma,Bihar,,,G.P.GAYA,ELECTRONICS ENGINEERING,UR,,,1095,7618
Bihar Combined Entrance Competitive Examination Board (BCECEB),Bihar Polytechnic Common Entrance Competitive Examination,Diploma,Bihar,,,G.P.GAYA,INFORMATION TECHNOLOGY,E-UR,,,8190,8190
Bihar Combined Entrance Competitive Examination Board (BCECEB),Bihar Polytechnic Common Entrance Competitive Examination,Diploma,Bihar,,,G.P.GAYA,INFORMATION TECHNOLOGY,UR,,,1796,7323
Bihar Combined Entrance Competitive Examination Board (BCECEB),Bihar Polytechnic Common Entrance Competitive Examination,Diploma,Bihar,,,G.P.GAYA,MECHANICAL ENGINEERING,E-UR,,,3804,3804
Bihar Combined Entrance Competitive Examination Board (BCECEB),Bihar Polytechnic Common Entrance Competitive Examination,Diploma,Bihar,,,G.P.GAYA,MECHANICAL ENGINEERING,UR,,,1827,3683
Bihar Combined Entrance Competitive Examination Board (BCECEB),Bihar Polytechnic Common Entrance Competitive Examination,Diploma,Bihar,,,G.P.GAYA,TEXTILE ENGINEERING,UR,,,3371,6290
Bihar Combined Entrance Competitive Examination Board (BCECEB),Bihar Polytechnic Common Entrance Competitive Examination,Diploma,Bihar,,,G.P.GOPALGANJ,CIVIL ENGINEERING,E-UR,,,4001,4023
Bihar Combined Entrance Competitive Examination Board (BCECEB),Bihar Polytechnic Common Entrance Competitive Examination,Diploma,Bihar,,,G.P.GOPALGANJ,CIVIL ENGINEERING,UR,,,944,3997
Bihar Combined Entrance Competitive Examination Board (BCECEB),Bihar Polytechnic Common Entrance Competitive Examination,Diploma,Bihar,,,G.P.GOPALGANJ,CIVIL(RURAL) ENGINEERING,E-UR,,,8663,8663
Bihar Combined Entrance Competitive Examination Board (BCECEB),Bihar Polytechnic Common Entrance Competitive Examination,Diploma,Bihar,,,G.P.GOPALGANJ,CIVIL(RURAL) ENGINEERING,UR,,,5672,7571
Bihar Combined Entrance Competitive Examination Board (BCECEB),Bihar Polytechnic Common Entrance Competitive Examination,Diploma,Bihar,,,G.P.GOPALGANJ,COMPUTER SC. & ENGINEERING,UR,,,984,7886
Bihar Combined Entrance Competitive Examination Board (BCECEB),Bihar Polytechnic Common Entrance Competitive Examination,Diploma,Bihar,,,G.P.GOPALGANJ,ELECTRICAL ENGG.,E-UR,,,8236,8266
Bihar Combined Entrance Competitive Examination Board (BCECEB),Bihar Polytechnic Common Entrance Competitive Examination,Diploma,Bihar,,,G.P.GOPALGANJ,ELECTRICAL ENGG.,UR,,,2866,7999
Bihar Combined Entrance Competitive Examination Board (BCECEB),Bihar Polytechnic Common Entrance Competitive Examination,Diploma,Bihar,,,G.P.GOPALGANJ,ELECTRONICS ENGINEERING,UR,,,7506,7506
Bihar Combined Entrance Competitive Examination Board (BCECEB),Bihar Polytechnic Common Entrance Competitive Examination,Diploma,Bihar,,,G.P.GOPALGANJ,MECHANICAL ENGINEERING,E-UR,,,8087,8087
Bihar Combined Entrance Competitive Examination Board (BCECEB),Bihar Polytechnic Common Entrance Competitive Examination,Diploma,Bihar,,,G.P.KATIHAR,CIVIL ENGINEERING,E-UR,,,2481,2534
Bihar Combined Entrance Competitive Examination Board (BCECEB),Bihar Polytechnic Common Entrance Competitive Examination,Diploma,Bihar,,,G.P.KATIHAR,CIVIL ENGINEERING,UR,,,308,2471
Bihar Combined Entrance Competitive Examination Board (BCECEB),Bihar Polytechnic Common Entrance Competitive Examination,Diploma,Bihar,,,G.P.KATIHAR,COMPUTER SC. & ENGINEERING,E-UR,,,7693,7823
Bihar Combined Entrance Competitive Examination Board (BCECEB),Bihar Polytechnic Common Entrance Competitive Examination,Diploma,Bihar,,,G.P.KATIHAR,COMPUTER SC. & ENGINEERING,UR,,,1268,7679
Bihar Combined Entrance Competitive Examination Board (BCECEB),Bihar Polytechnic Common Entrance Competitive Examination,Diploma,Bihar,,,G.P.KATIHAR,ELECTRICAL ENGG.,E-UR,,,4617,4617
Bihar Combined Entrance Competitive Examination Board (BCECEB),Bihar Polytechnic Common Entrance Competitive Examination,Diploma,Bihar,,,G.P.KATIHAR,ELECTRICAL ENGG.,UR,,,562,4542
Bihar Combined Entrance Competitive Examination Board (BCECEB),Bihar Polytechnic Common Entrance Competitive Examination,Diploma,Bihar,,,G.P.KATIHAR,MECHANICAL ENGINEERING,E-UR,,,8156,8156
Bihar Combined Entrance Competitive Examination Board (BCECEB),Bihar Polytechnic Common Entrance Competitive Examination,Diploma,Bihar,,,G.P.KATIHAR,MECHANICAL ENGINEERING,UR,,,4855,7853
Bihar Combined Entrance Competitive Examination Board (BCECEB),Bihar Polytechnic Common Entrance Competitive Examination,Diploma,Bihar,,,G.P.LAKHISARAI,CIVIL ENGINEERING,E-UR,,,2133,2133
Bihar Combined Entrance Competitive Examination Board (BCECEB),Bihar Polytechnic Common Entrance Competitive Examination,Diploma,Bihar,,,G.P.LAKHISARAI,CIVIL ENGINEERING,UR,,,377,1910
Bihar Combined Entrance Competitive Examination Board (BCECEB),Bihar Polytechnic Common Entrance Competitive Examination,Diploma,Bihar,,,G.P.LAKHISARAI,ELECTRICAL ENGG.,E-UR,,,7879,7879
Bihar Combined Entrance Competitive Examination Board (BCECEB),Bihar Polytechnic Common Entrance Competitive Examination,Diploma,Bihar,,,G.P.LAKHISARAI,ELECTRICAL ENGG.,UR,,,337,7698
Bihar Combined Entrance Competitive Examination Board (BCECEB),Bihar Polytechnic Common Entrance Competitive Examination,Diploma,Bihar,,,G.P.LAKHISARAI,MECHANICAL ENGINEERING,E-UR,,,8706,8706
Bihar Combined Entrance Competitive Examination Board (BCECEB),Bihar Polytechnic Common Entrance Competitive Examination,Diploma,Bihar,,,G.P.LAKHISARAI,MECHANICAL ENGINEERING,UR,,,3341,6727
Bihar Combined Entrance Competitive Examination Board (BCECEB),Bihar Polytechnic Common Entrance Competitive Examination,Diploma,Bihar,,,G.P.MADHUBANI,CIVIL ENGINEERING,E-UR,,,6558,6600
Bihar Combined Entrance Competitive Examination Board (BCECEB),Bihar Polytechnic Common Entrance Competitive Examination,Diploma,Bihar,,,G.P.MADHUBANI,CIVIL ENGINEERING,UR,,,10,6509
Bihar Combined Entrance Competitive Examination Board (BCECEB),Bihar Polytechnic Common Entrance Competitive Examination,Diploma,Bihar,,,G.P.MADHUBANI,COMPUTER SC. & ENGINEERING,E-UR,,,8410,8630
Bihar Combined Entrance Competitive Examination Board (BCECEB),Bihar Polytechnic Common Entrance Competitive Examination,Diploma,Bihar,,,G.P.MADHUBANI,COMPUTER SC. & ENGINEERING,UR,,,4935,8020
Bihar Combined Entrance Competitive Examination Board (BCECEB),Bihar Polytechnic Common Entrance Competitive Examination,Diploma,Bihar,,,G.P.MADHUBANI,ELECTRICAL ENGG.,E-UR,,,8288,8288
Bihar Combined Entrance Competitive Examination Board (BCECEB),Bihar Polytechnic Common Entrance Competitive Examination,Diploma,Bihar,,,G.P.MADHUBANI,ELECTRICAL ENGG.,UR,,,656,8015
Bihar Combined Entrance Competitive Examination Board (BCECEB),Bihar Polytechnic Common Entrance Competitive Examination,Diploma,Bihar,,,G.P.MADHUBANI,MECHANICAL ENGINEERING,E-UR,,,8335,8335
Bihar Combined Entrance Competitive Examination Board (BCECEB),Bihar Polytechnic Common Entrance Competitive Examination,Diploma,Bihar,,,G.P.MADHUBANI,MECHANICAL ENGINEERING,UR,,,5682,5682
Bihar Combined Entrance Competitive Examination Board (BCECEB),Bihar Polytechnic Common Entrance Competitive Examination,Diploma,Bihar,,,G.P.MOTIHARI,CIVIL ENGINEERING,E-UR,,,3419,3489
Bihar Combined Entrance Competitive Examination Board (BCECEB),Bihar Polytechnic Common Entrance Competitive Examination,Diploma,Bihar,,,G.P.MOTIHARI,CIVIL ENGINEERING,UR,,,783,3393
Bihar Combined Entrance Competitive Examination Board (BCECEB),Bihar Polytechnic Common Entrance Competitive Examination,Diploma,Bihar,,,G.P.MOTIHARI,COMPUTER SC. & ENGINEERING,E-UR,,,8123,8123
Bihar Combined Entrance Competitive Examination Board (BCECEB),Bihar Polytechnic Common Entrance Competitive Examination,Diploma,Bihar,,,G.P.MOTIHARI,COMPUTER SC. & ENGINEERING,UR,,,3065,7819
Bihar Combined Entrance Competitive Examination Board (BCECEB),Bihar Polytechnic Common Entrance Competitive Examination,Diploma,Bihar,,,G.P.MOTIHARI,ELECTRICAL ENGG.,E-UR,,,7405,7713
Bihar Combined Entrance Competitive Examination Board (BCECEB),Bihar Polytechnic Common Entrance Competitive Examination,Diploma,Bihar,,,G.P.MOTIHARI,ELECTRICAL ENGG.,UR,,,1122,7240
Bihar Combined Entrance Competitive Examination Board (BCECEB),Bihar Polytechnic Common Entrance Competitive Examination,Diploma,Bihar,,,G.P.MOTIHARI,ELECTRONICS ENGINEERING,UR,,,5598,5598
Bihar Combined Entrance Competitive Examination Board (BCECEB),Bihar Polytechnic Common Entrance Competitive Examination,Diploma,Bihar,,,G.P.MOTIHARI,MECHANICAL ENGINEERING,E-UR,,,8314,8314
Bihar Combined Entrance Competitive Examination Board (BCECEB),Bihar Polytechnic Common Entrance Competitive Examination,Diploma,Bihar,,,G.P.MOTIHARI,MECHANICAL ENGINEERING,UR,,,2704,7816
Bihar Combined Entrance Competitive Examination Board (BCECEB),Bihar Polytechnic Common Entrance Competitive Examination,Diploma,Bihar,,,G.P.MUZAFFARPUR,CIVIL ENGINEERING,E-UR,,,646,657
Bihar Combined Entrance Competitive Examination Board (BCECEB),Bihar Polytechnic Common Entrance Competitive Examination,Diploma,Bihar,,,G.P.MUZAFFARPUR,CIVIL ENGINEERING,UR,,,83,630
Bihar Combined Entrance Competitive Examination Board (BCECEB),Bihar Polytechnic Common Entrance Competitive Examination,Diploma,Bihar,,,G.P.MUZAFFARPUR,COMPUTER SC. & ENGINEERING,E-UR,,,1887,1887
Bihar Combined Entrance Competitive Examination Board (BCECEB),Bihar Polytechnic Common Entrance Competitive Examination,Diploma,Bihar,,,G.P.MUZAFFARPUR,COMPUTER SC. & ENGINEERING,UR,,,121,1878
Bihar Combined Entrance Competitive Examination Board (BCECEB),Bihar Polytechnic Common Entrance Competitive Examination,Diploma,Bihar,,,G.P.MUZAFFARPUR,ELECTRICAL ENGG.,E-UR,,,1349,1363
Bihar Combined Entrance Competitive Examination Board (BCECEB),Bihar Polytechnic Common Entrance Competitive Examination,Diploma,Bihar,,,G.P.MUZAFFARPUR,ELECTRICAL ENGG.,UR,,,12,1343
Bihar Combined Entrance Competitive Examination Board (BCECEB),Bihar Polytechnic Common Entrance Competitive Examination,Diploma,Bihar,,,G.P.MUZAFFARPUR,ELECTRONICS ENGINEERING,E-UR,,,8264,8273
Bihar Combined Entrance Competitive Examination Board (BCECEB),Bihar Polytechnic Common Entrance Competitive Examination,Diploma,Bihar,,,G.P.MUZAFFARPUR,ELECTRONICS ENGINEERING,UR,,,2400,7989
Bihar Combined Entrance Competitive Examination Board (BCECEB),Bihar Polytechnic Common Entrance Competitive Examination,Diploma,Bihar,,,G.P.MUZAFFARPUR,LEATHER TECHNOLOGY,E-UR,,,8351,8351
Bihar Combined Entrance Competitive Examination Board (BCECEB),Bihar Polytechnic Common Entrance Competitive Examination,Diploma,Bihar,,,G.P.MUZAFFARPUR,MECHANICAL ENGINEERING,E-UR,,,3795,3795
Bihar Combined Entrance Competitive Examination Board (BCECEB),Bihar Polytechnic Common Entrance Competitive Examination,Diploma,Bihar,,,G.P.MUZAFFARPUR,MECHANICAL ENGINEERING,UR,,,1295,3747
Bihar Combined Entrance Competitive Examination Board (BCECEB),Bihar Polytechnic Common Entrance Competitive Examination,Diploma,Bihar,,,G.P.PATNA-7,CERAMICS ENGINEERING,UR,,,7202,7423
Bihar Combined Entrance Competitive Examination Board (BCECEB),Bihar Polytechnic Common Entrance Competitive Examination,Diploma,Bihar,,,G.P.PATNA-7,CIVIL ENGINEERING,E-UR,,,279,279
Bihar Combined Entrance Competitive Examination Board (BCECEB),Bihar Polytechnic Common Entrance Competitive Examination,Diploma,Bihar,,,G.P.PATNA-7,CIVIL ENGINEERING,UR,,,21,267
Bihar Combined Entrance Competitive Examination Board (BCECEB),Bihar Polytechnic Common Entrance Competitive Examination,Diploma,Bihar,,,G.P.PATNA-7,COMPUTER SC. & ENGINEERING,E-UR,,,886,886
Bihar Combined Entrance Competitive Examination Board (BCECEB),Bihar Polytechnic Common Entrance Competitive Examination,Diploma,Bihar,,,G.P.PATNA-7,COMPUTER SC. & ENGINEERING,UR,,,46,884
Bihar Combined Entrance Competitive Examination Board (BCECEB),Bihar Polytechnic Common Entrance Competitive Examination,Diploma,Bihar,,,G.P.PATNA-7,ELECTRICAL ENGG.,E-UR,,,762,762
Bihar Combined Entrance Competitive Examination Board (BCECEB),Bihar Polytechnic Common Entrance Competitive Examination,Diploma,Bihar,,,G.P.PATNA-7,ELECTRICAL ENGG.,UR,,,69,737
Bihar Combined Entrance Competitive Examination Board (BCECEB),Bihar Polytechnic Common Entrance Competitive Examination,Diploma,Bihar,,,G.P.PATNA-7,ELECTRONICS ENGINEERING,E-UR,,,5181,5181
Bihar Combined Entrance Competitive Examination Board (BCECEB),Bihar Polytechnic Common Entrance Competitive Examination,Diploma,Bihar,,,G.P.PATNA-7,ELECTRONICS ENGINEERING,UR,,,106,5178
Bihar Combined Entrance Competitive Examination Board (BCECEB),Bihar Polytechnic Common Entrance Competitive Examination,Diploma,Bihar,,,G.P.PATNA-7,MECHANICAL ENGINEERING,E-UR,,,2038,2038
Bihar Combined Entrance Competitive Examination Board (BCECEB),Bihar Polytechnic Common Entrance Competitive Examination,Diploma,Bihar,,,G.P.PATNA-7,MECHANICAL ENGINEERING,UR,,,776,2013
Bihar Combined Entrance Competitive Examination Board (BCECEB),Bihar Polytechnic Common Entrance Competitive Examination,Diploma,Bihar,,,G.P.PATNA-7,PRINTING TECHNOLOGY,UR,,,5610,5610
Bihar Combined Entrance Competitive Examination Board (BCECEB),Bihar Polytechnic Common Entrance Competitive Examination,Diploma,Bihar,,,G.P.PATNA-7,TEXTILE ENGINEERING,E-UR,,,8488,8488
Bihar Combined Entrance Competitive Examination Board (BCECEB),Bihar Polytechnic Common Entrance Competitive Examination,Diploma,Bihar,,,G.P.PATNA-7,TEXTILE ENGINEERING,UR,,,4714,7412
Bihar Combined Entrance Competitive Examination Board (BCECEB),Bihar Polytechnic Common Entrance Competitive Examination,Diploma,Bihar,,,G.P.PURNEA,CIVIL ENGINEERING,E-UR,,,2977,3115
Bihar Combined Entrance Competitive Examination Board (BCECEB),Bihar Polytechnic Common Entrance Competitive Examination,Diploma,Bihar,,,G.P.PURNEA,CIVIL ENGINEERING,UR,,,575,2912
Bihar Combined Entrance Competitive Examination Board (BCECEB),Bihar Polytechnic Common Entrance Competitive Examination,Diploma,Bihar,,,G.P.PURNEA,COMPUTER SC. & ENGINEERING,E-UR,,,8203,8221
Bihar Combined Entrance Competitive Examination Board (BCECEB),Bihar Polytechnic Common Entrance Competitive Examination,Diploma,Bihar,,,G.P.PURNEA,COMPUTER SC. & ENGINEERING,UR,,,2263,7952
Bihar Combined Entrance Competitive Examination Board (BCECEB),Bihar Polytechnic Common Entrance Competitive Examination,Diploma,Bihar,,,G.P.PURNEA,ELECTRICAL ENGG.,E-UR,,,5382,5382
Bihar Combined Entrance Competitive Examination Board (BCECEB),Bihar Polytechnic Common Entrance Competitive Examination,Diploma,Bihar,,,G.P.PURNEA,ELECTRICAL ENGG.,UR,,,34,5086
Bihar Combined Entrance Competitive Examination Board (BCECEB),Bihar Polytechnic Common Entrance Competitive Examination,Diploma,Bihar,,,G.P.PURNEA,ELECTRONICS ENGINEERING,UR,,,7003,7003
Bihar Combined Entrance Competitive Examination Board (BCECEB),Bihar Polytechnic Common Entrance Competitive Examination,Diploma,Bihar,,,G.P.PURNEA,MECHANICAL ENGINEERING,UR,,,5152,7675
Bihar Combined Entrance Competitive Examination Board (BCECEB),Bihar Polytechnic Common Entrance Competitive Examination,Diploma,Bihar,,,G.P.SAHARSA,CIVIL ENGINEERING,E-UR,,,2950,3006
Bihar Combined Entrance Competitive Examination Board (BCECEB),Bihar Polytechnic Common Entrance Competitive Examination,Diploma,Bihar,,,G.P.SAHARSA,CIVIL ENGINEERING,UR,,,58,2890
Bihar Combined Entrance Competitive Examination Board (BCECEB),Bihar Polytechnic Common Entrance Competitive Examination,Diploma,Bihar,,,G.P.SAHARSA,COMPUTER SC. & ENGINEERING,UR,,,1360,7180
Bihar Combined Entrance Competitive Examination Board (BCECEB),Bihar Polytechnic Common Entrance Competitive Examination,Diploma,Bihar,,,G.P.SAHARSA,ELECTRICAL ENGG.,E-UR,,,7583,7626
Bihar Combined Entrance Competitive Examination Board (BCECEB),Bihar Polytechnic Common Entrance Competitive Examination,Diploma,Bihar,,,G.P.SAHARSA,ELECTRICAL ENGG.,UR,,,2009,7572
Bihar Combined Entrance Competitive Examination Board (BCECEB),Bihar Polytechnic Common Entrance Competitive Examination,Diploma,Bihar,,,G.P.SAHARSA,ELECTRONICS ENGINEERING,E-UR,,,8645,8645
Bihar Combined Entrance Competitive Examination Board (BCECEB),Bihar Polytechnic Common Entrance Competitive Examination,Diploma,Bihar,,,G.P.SAHARSA,ELECTRONICS ENGINEERING,UR,,,3053,3053
Bihar Combined Entrance Competitive Examination Board (BCECEB),Bihar Polytechnic Common Entrance Competitive Examination,Diploma,Bihar,,,G.P.SAHARSA,MECHANICAL ENGINEERING,E-UR,,,8498,8536
Bihar Combined Entrance Competitive Examination Board (BCECEB),Bihar Polytechnic Common Entrance Competitive Examination,Diploma,Bihar,,,G.P.SAHARSA,MECHANICAL ENGINEERING,UR,,,2633,7996
Bihar Combined Entrance Competitive Examination Board (BCECEB),Bihar Polytechnic Common Entrance Competitive Examination,Diploma,Bihar,,,G.P.SHEOHAR,CIVIL ENGINEERING,E-UR,,,7307,7428
Bihar Combined Entrance Competitive Examination Board (BCECEB),Bihar Polytechnic Common Entrance Competitive Examination,Diploma,Bihar,,,G.P.SHEOHAR,CIVIL ENGINEERING,UR,,,1685,7288
Bihar Combined Entrance Competitive Examination Board (BCECEB),Bihar Polytechnic Common Entrance Competitive Examination,Diploma,Bihar,,,G.P.SHEOHAR,COMPUTER SC. & ENGINEERING,E-UR,,,8356,8356
Bihar Combined Entrance Competitive Examination Board (BCECEB),Bihar Polytechnic Common Entrance Competitive Examination,Diploma,Bihar,,,G.P.SHEOHAR,COMPUTER SC. & ENGINEERING,UR,,,4051,7434
Bihar Combined Entrance Competitive Examination Board (BCECEB),Bihar Polytechnic Common Entrance Competitive Examination,Diploma,Bihar,,,G.P.SHEOHAR,ELECTRICAL ENGG.,E-UR,,,8074,8411
Bihar Combined Entrance Competitive Examination Board (BCECEB),Bihar Polytechnic Common Entrance Competitive Examination,Diploma,Bihar,,,G.P.SHEOHAR,ELECTRICAL ENGG.,UR,,,7270,7976
Bihar Combined Entrance Competitive Examination Board (BCECEB),Bihar Polytechnic Common Entrance Competitive Examination,Diploma,Bihar,,,G.P.SHEOHAR,MECHANICAL ENGINEERING,UR,,,6314,6314
Bihar Combined Entrance Competitive Examination Board (BCECEB),Bihar Polytechnic Common Entrance Competitive Examination,Diploma,Bihar,,,"G.P.TEXTILE TECH., NATHNAGAR, BHAGALPUR",CIVIL ENGINEERING,E-UR,,,4657,4658
Bihar Combined Entrance Competitive Examination Board (BCECEB),Bihar Polytechnic Common Entrance Competitive Examination,Diploma,Bihar,,,"G.P.TEXTILE TECH., NATHNAGAR, BHAGALPUR",CIVIL ENGINEERING,UR,,,395,4549
Bihar Combined Entrance Competitive Examination Board (BCECEB),Bihar Polytechnic Common Entrance Competitive Examination,Diploma,Bihar,,,G.P.VAISHALI,CIVIL ENGG (CONSTRUCTION TECH.),E-UR,,,8678,8678
Bihar Combined Entrance Competitive Examination Board (BCECEB),Bihar Polytechnic Common Entrance Competitive Examination,Diploma,Bihar,,,G.P.VAISHALI,CIVIL ENGG (CONSTRUCTION TECH.),UR,,,2655,7630
Bihar Combined Entrance Competitive Examination Board (BCECEB),Bihar Polytechnic Common Entrance Competitive Examination,Diploma,Bihar,,,G.P.VAISHALI,CIVIL ENGINEERING,E-UR,,,1588,1602
Bihar Combined Entrance Competitive Examination Board (BCECEB),Bihar Polytechnic Common Entrance Competitive Examination,Diploma,Bihar,,,G.P.VAISHALI,CIVIL ENGINEERING,UR,,,543,1536
Bihar Combined Entrance Competitive Examination Board (BCECEB),Bihar Polytechnic Common Entrance Competitive Examination,Diploma,Bihar,,,G.P.VAISHALI,COMPUTER SC. & ENGINEERING,E-UR,,,4582,4595
Bihar Combined Entrance Competitive Examination Board (BCECEB),Bihar Polytechnic Common Entrance Competitive Examination,Diploma,Bihar,,,G.P.VAISHALI,COMPUTER SC. & ENGINEERING,UR,,,2524,4516
Bihar Combined Entrance Competitive Examination Board (BCECEB),Bihar Polytechnic Common Entrance Competitive Examination,Diploma,Bihar,,,G.P.VAISHALI,ELECTRICAL ENGG.,E-UR,,,3660,3660
Bihar Combined Entrance Competitive Examination Board (BCECEB),Bihar Polytechnic Common Entrance Competitive Examination,Diploma,Bihar,,,G.P.VAISHALI,ELECTRICAL ENGG.,UR,,,1874,3589
Bihar Combined Entrance Competitive Examination Board (BCECEB),Bihar Polytechnic Common Entrance Competitive Examination,Diploma,Bihar,,,G.P.VAISHALI,MECHANICAL ENGINEERING,E-UR,,,7892,7892
Bihar Combined Entrance Competitive Examination Board (BCECEB),Bihar Polytechnic Common Entrance Competitive Examination,Diploma,Bihar,,,G.P.VAISHALI,MECHANICAL ENGINEERING,UR,,,4560,7741
Bihar Combined Entrance Competitive Examination Board (BCECEB),Bihar Polytechnic Common Entrance Competitive Examination,Diploma,Bihar,,,G.W.P.MUZAFFARPUR,CIVIL ENGINEERING,E-UR,,,2362,2422
Bihar Combined Entrance Competitive Examination Board (BCECEB),Bihar Polytechnic Common Entrance Competitive Examination,Diploma,Bihar,,,G.W.P.MUZAFFARPUR,CIVIL ENGINEERING,UR,,,691,2330
Bihar Combined Entrance Competitive Examination Board (BCECEB),Bihar Polytechnic Common Entrance Competitive Examination,Diploma,Bihar,,,G.W.P.MUZAFFARPUR,COMPUTER SC. & ENGINEERING,E-UR,,,5626,5647
Bihar Combined Entrance Competitive Examination Board (BCECEB),Bihar Polytechnic Common Entrance Competitive Examination,Diploma,Bihar,,,G.W.P.MUZAFFARPUR,COMPUTER SC. & ENGINEERING,UR,,,307,5333
Bihar Combined Entrance Competitive Examination Board (BCECEB),Bihar Polytechnic Common Entrance Competitive Examination,Diploma,Bihar,,,G.W.P.MUZAFFARPUR,ELECTRICAL ENGG.,E-UR,,,5562,5831
Bihar Combined Entrance Competitive Examination Board (BCECEB),Bihar Polytechnic Common Entrance Competitive Examination,Diploma,Bihar,,,G.W.P.MUZAFFARPUR,ELECTRICAL ENGG.,UR,,,3162,5440
Bihar Combined Entrance Competitive Examination Board (BCECEB),Bihar Polytechnic Common Entrance Competitive Examination,Diploma,Bihar,,,G.W.P.MUZAFFARPUR,ELECTRONICS ENGINEERING,UR,,,4583,4583
Bihar Combined Entrance Competitive Examination Board (BCECEB),Bihar Polytechnic Common Entrance Competitive Examination,Diploma,Bihar,,,G.W.P.PATNA-14,CIVIL ENGINEERING,E-UR,,,491,491
Bihar Combined Entrance Competitive Examination Board (BCECEB),Bihar Polytechnic Common Entrance Competitive Examination,Diploma,Bihar,,,G.W.P.PATNA-14,CIVIL ENGINEERING,UR,,,53,470
Bihar Combined Entrance Competitive Examination Board (BCECEB),Bihar Polytechnic Common Entrance Competitive Examination,Diploma,Bihar,,,G.W.P.PATNA-14,COMPUTER SC. & ENGINEERING,E-UR,,,2472,2472
Bihar Combined Entrance Competitive Examination Board (BCECEB),Bihar Polytechnic Common Entrance Competitive Examination,Diploma,Bihar,,,G.W.P.PATNA-14,COMPUTER SC. & ENGINEERING,UR,,,117,2445
Bihar Combined Entrance Competitive Examination Board (BCECEB),Bihar Polytechnic Common Entrance Competitive Examination,Diploma,Bihar,,,G.W.P.PATNA-14,DIPLOMA IN ARCHITECTURAL ASSISTANTSHIP,UR,,,2461,2461
Bihar Combined Entrance Competitive Examination Board (BCECEB),Bihar Polytechnic Common Entrance Competitive Examination,Diploma,Bihar,,,G.W.P.PATNA-14,ELECTRICAL ENGG.,E-UR,,,2191,2274
Bihar Combined Entrance Competitive Examination Board (BCECEB),Bihar Polytechnic Common Entrance Competitive Examination,Diploma,Bihar,,,G.W.P.PATNA-14,ELECTRICAL ENGG.,UR,,,48,2152
Bihar Combined Entrance Competitive Examination Board (BCECEB),Bihar Polytechnic Common Entrance Competitive Examination,Diploma,Bihar,,,G.W.P.PATNA-14,ELECTRONICS ENGINEERING,E-UR,,,6006,6282
Bihar Combined Entrance Competitive Examination Board (BCECEB),Bihar Polytechnic Common Entrance Competitive Examination,Diploma,Bihar,,,G.W.P.PATNA-14,ELECTRONICS ENGINEERING,UR,,,4080,5020
Bihar Combined Entrance Competitive Examination Board (BCECEB),Bihar Polytechnic Common Entrance Competitive Examination,Diploma,Bihar,,,G.W.P.PATNA-14,LIBRARY & INFORMATION SCIENCE,UR,,,2307,4484
Bihar Combined Entrance Competitive Examination Board (BCECEB),Bihar Polytechnic Common Entrance Competitive Examination,Diploma,Bihar,,,"GEMS POLY. COLLEGE, AURANGABAD",CIVIL ENGINEERING,UR,,,4779,19839
Bihar Combined Entrance Competitive Examination Board (BCECEB),Bihar Polytechnic Common Entrance Competitive Examination,Diploma,Bihar,,,"GEMS POLY. COLLEGE, AURANGABAD",COMPUTER SC. & ENGINEERING,UR,,,9297,31059
Bihar Combined Entrance Competitive Examination Board (BCECEB),Bihar Polytechnic Common Entrance Competitive Examination,Diploma,Bihar,,,"GEMS POLY. COLLEGE, AURANGABAD",ELECTRICAL & ELECTRONICS ENGINEERING,UR,,,15059,32364
Bihar Combined Entrance Competitive Examination Board (BCECEB),Bihar Polytechnic Common Entrance Competitive Examination,Diploma,Bihar,,,"GEMS POLY. COLLEGE, AURANGABAD",ELECTRICAL ENGG.,UR,,,10895,30520
Bihar Combined Entrance Competitive Examination Board (BCECEB),Bihar Polytechnic Common Entrance Competitive Examination,Diploma,Bihar,,,"GEMS POLY. COLLEGE, AURANGABAD",MECHANICAL ENGINEERING,UR,,,16932,33654
Bihar Combined Entrance Competitive Examination Board (BCECEB),Bihar Polytechnic Common Entrance Competitive Examination,Diploma,Bihar,,,J.P.I.T. NALANDA,CIVIL ENGINEERING,UR,,,3164,18133
Bihar Combined Entrance Competitive Examination Board (BCECEB),Bihar Polytechnic Common Entrance Competitive Examination,Diploma,Bihar,,,J.P.I.T. NALANDA,COMPUTER SC. & ENGINEERING,UR,,,570,28219
Bihar Combined Entrance Competitive Examination Board (BCECEB),Bihar Polytechnic Common Entrance Competitive Examination,Diploma,Bihar,,,J.P.I.T. NALANDA,ELECTRICAL & ELECTRONICS ENGINEERING,UR,,,9224,28793
Bihar Combined Entrance Competitive Examination Board (BCECEB),Bihar Polytechnic Common Entrance Competitive Examination,Diploma,Bihar,,,J.P.I.T. NALANDA,ELECTRICAL ENGG.,UR,,,10326,27592
Bihar Combined Entrance Competitive Examination Board (BCECEB),Bihar Polytechnic Common Entrance Competitive Examination,Diploma,Bihar,,,J.P.I.T. NALANDA,MECHANICAL ENGINEERING,UR,,,4414,29598
Bihar Combined Entrance Competitive Examination Board (BCECEB),Bihar Polytechnic Common Entrance Competitive Examination,Diploma,Bihar,,,"JAMUI POLYTECHNIC, JAMUI",CIVIL ENGINEERING,UR,,,2511,22620
Bihar Combined Entrance Competitive Examination Board (BCECEB),Bihar Polytechnic Common Entrance Competitive Examination,Diploma,Bihar,,,"JAMUI POLYTECHNIC, JAMUI",ELECTRICAL ENGG.,UR,,,14568,29119
Bihar Combined Entrance Competitive Examination Board (BCECEB),Bihar Polytechnic Common Entrance Competitive Examination,Diploma,Bihar,,,"JAMUI POLYTECHNIC, JAMUI",MECHANICAL ENGINEERING,UR,,,7312,33467
Bihar Combined Entrance Competitive Examination Board (BCECEB),Bihar Polytechnic Common Entrance Competitive Examination,Diploma,Bihar,,,K.N.S.G.P. SAMASTIPUR,CIVIL ENGINEERING,E-UR,,,3935,3965
Bihar Combined Entrance Competitive Examination Board (BCECEB),Bihar Polytechnic Common Entrance Competitive Examination,Diploma,Bihar,,,K.N.S.G.P. SAMASTIPUR,CIVIL ENGINEERING,UR,,,64,3867
Bihar Combined Entrance Competitive Examination Board (BCECEB),Bihar Polytechnic Common Entrance Competitive Examination,Diploma,Bihar,,,K.N.S.G.P. SAMASTIPUR,COMPUTER SC. & ENGINEERING,E-UR,,,8158,8158
Bihar Combined Entrance Competitive Examination Board (BCECEB),Bihar Polytechnic Common Entrance Competitive Examination,Diploma,Bihar,,,K.N.S.G.P. SAMASTIPUR,COMPUTER SC. & ENGINEERING,UR,,,1211,7894
Bihar Combined Entrance Competitive Examination Board (BCECEB),Bihar Polytechnic Common Entrance Competitive Examination,Diploma,Bihar,,,K.N.S.G.P. SAMASTIPUR,ELECTRICAL ENGG.,E-UR,,,6343,6343
Bihar Combined Entrance Competitive Examination Board (BCECEB),Bihar Polytechnic Common Entrance Competitive Examination,Diploma,Bihar,,,K.N.S.G.P. SAMASTIPUR,ELECTRICAL ENGG.,UR,,,1048,6193
Bihar Combined Entrance Competitive Examination Board (BCECEB),Bihar Polytechnic Common Entrance Competitive Examination,Diploma,Bihar,,,K.N.S.G.P. SAMASTIPUR,ELECTRONICS ENGINEERING,UR,,,6466,6466
Bihar Combined Entrance Competitive Examination Board (BCECEB),Bihar Polytechnic Common Entrance Competitive Examination,Diploma,Bihar,,,K.N.S.G.P. SAMASTIPUR,MECHANICAL ENGINEERING,E-UR,,,8531,8531
Bihar Combined Entrance Competitive Examination Board (BCECEB),Bihar Polytechnic Common Entrance Competitive Examination,Diploma,Bihar,,,K.N.S.G.P. SAMASTIPUR,MECHANICAL ENGINEERING,UR,,,3454,7959
Bihar Combined Entrance Competitive Examination Board (BCECEB),Bihar Polytechnic Common Entrance Competitive Examination,Diploma,Bihar,,,"KINESIS INSTITUTE OF TECHNOLOGY, MASAURHI, PATNA",CIVIL ENGINEERING,UR,,,1956,28299
Bihar Combined Entrance Competitive Examination Board (BCECEB),Bihar Polytechnic Common Entrance Competitive Examination,Diploma,Bihar,,,"KINESIS INSTITUTE OF TECHNOLOGY, MASAURHI, PATNA",COMPUTER SCIENCE,UR,,,3242,23894
Bihar Combined Entrance Competitive Examination Board (BCECEB),Bihar Polytechnic Common Entrance Competitive Examination,Diploma,Bihar,,,"KINESIS INSTITUTE OF TECHNOLOGY, MASAURHI, PATNA",ELECTRICAL ENGG.,UR,,,4444,40069
Bihar Combined Entrance Competitive Examination Board (BCECEB),Bihar Polytechnic Common Entrance Competitive Examination,Diploma,Bihar,,,"KINESIS INSTITUTE OF TECHNOLOGY, MASAURHI, PATNA",ELECTRONICS,UR,,,6920,39603
Bihar Combined Entrance Competitive Examination Board (BCECEB),Bihar Polytechnic Common Entrance Competitive Examination,Diploma,Bihar,,,"KINESIS INSTITUTE OF TECHNOLOGY, MASAURHI, PATNA",MECHANICAL ENGINEERING,UR,,,8284,41725
Bihar Combined Entrance Competitive Examination Board (BCECEB),Bihar Polytechnic Common Entrance Competitive Examination,Diploma,Bihar,,,"MAMTA INSTITUTE OF EDUCATION, SIWAN",ARTIFICIAL INTELLIGENCE,UR,,,16750,49913
Bihar Combined Entrance Competitive Examination Board (BCECEB),Bihar Polytechnic Common Entrance Competitive Examination,Diploma,Bihar,,,"MAMTA INSTITUTE OF EDUCATION, SIWAN",CIVIL ENGINEERING,UR,,,5162,42403
Bihar Combined Entrance Competitive Examination Board (BCECEB),Bihar Polytechnic Common Entrance Competitive Examination,Diploma,Bihar,,,"MAMTA INSTITUTE OF EDUCATION, SIWAN",ELECTRICAL ENGG.,UR,,,12362,49204
Bihar Combined Entrance Competitive Examination Board (BCECEB),Bihar Polytechnic Common Entrance Competitive Examination,Diploma,Bihar,,,"MAMTA INSTITUTE OF EDUCATION, SIWAN",MECHANICAL ENGINEERING,UR,,,9562,47028
Bihar Combined Entrance Competitive Examination Board (BCECEB),Bihar Polytechnic Common Entrance Competitive Examination,Diploma,Bihar,,,N.G.P.PATNA-13,CIVIL ENGINEERING,E-UR,,,112,116
Bihar Combined Entrance Competitive Examination Board (BCECEB),Bihar Polytechnic Common Entrance Competitive Examination,Diploma,Bihar,,,N.G.P.PATNA-13,CIVIL ENGINEERING,UR,,,2,110
Bihar Combined Entrance Competitive Examination Board (BCECEB),Bihar Polytechnic Common Entrance Competitive Examination,Diploma,Bihar,,,N.G.P.PATNA-13,COMPUTER SC. & ENGINEERING,E-UR,,,401,417
Bihar Combined Entrance Competitive Examination Board (BCECEB),Bihar Polytechnic Common Entrance Competitive Examination,Diploma,Bihar,,,N.G.P.PATNA-13,COMPUTER SC. & ENGINEERING,UR,,,16,391
Bihar Combined Entrance Competitive Examination Board (BCECEB),Bihar Polytechnic Common Entrance Competitive Examination,Diploma,Bihar,,,N.G.P.PATNA-13,ELECTRICAL ENGG.,E-UR,,,352,355
Bihar Combined Entrance Competitive Examination Board (BCECEB),Bihar Polytechnic Common Entrance Competitive Examination,Diploma,Bihar,,,N.G.P.PATNA-13,ELECTRICAL ENGG.,UR,,,27,336
Bihar Combined Entrance Competitive Examination Board (BCECEB),Bihar Polytechnic Common Entrance Competitive Examination,Diploma,Bihar,,,N.G.P.PATNA-13,ELECTRONICS ENGINEERING,E-UR,,,5606,5848
Bihar Combined Entrance Competitive Examination Board (BCECEB),Bihar Polytechnic Common Entrance Competitive Examination,Diploma,Bihar,,,N.G.P.PATNA-13,ELECTRONICS ENGINEERING,UR,,,598,5490
Bihar Combined Entrance Competitive Examination Board (BCECEB),Bihar Polytechnic Common Entrance Competitive Examination,Diploma,Bihar,,,N.G.P.PATNA-13,MECHANICAL ENGINEERING,E-UR,,,1630,1693
Bihar Combined Entrance Competitive Examination Board (BCECEB),Bihar Polytechnic Common Entrance Competitive Examination,Diploma,Bihar,,,N.G.P.PATNA-13,MECHANICAL ENGINEERING,UR,,,218,1591
Bihar Combined Entrance Competitive Examination Board (BCECEB),Bihar Polytechnic Common Entrance Competitive Examination,Diploma,Bihar,,,N.G.P.PATNA-13,MECHANICAL ENGINEERING (AUTOMOBILE),E-UR,,,5460,5460
Bihar Combined Entrance Competitive Examination Board (BCECEB),Bihar Polytechnic Common Entrance Competitive Examination,Diploma,Bihar,,,N.G.P.PATNA-13,MECHANICAL ENGINEERING (AUTOMOBILE),UR,,,864,5331
Bihar Combined Entrance Competitive Examination Board (BCECEB),Bihar Polytechnic Common Entrance Competitive Examination,Diploma,Bihar,,,NETAJI SUBHASH INST. OF POLY BIHTA,CIVIL ENGINEERING,UR,,,1783,25127
Bihar Combined Entrance Competitive Examination Board (BCECEB),Bihar Polytechnic Common Entrance Competitive Examination,Diploma,Bihar,,,NETAJI SUBHASH INST. OF POLY BIHTA,COMPUTER SC. & ENGINEERING,UR,,,3713,34815
Bihar Combined Entrance Competitive Examination Board (BCECEB),Bihar Polytechnic Common Entrance Competitive Examination,Diploma,Bihar,,,NETAJI SUBHASH INST. OF POLY BIHTA,ELECTRICAL ENGG.,UR,,,13683,41627
Bihar Combined Entrance Competitive Examination Board (BCECEB),Bihar Polytechnic Common Entrance Competitive Examination,Diploma,Bihar,,,NETAJI SUBHASH INST. OF POLY BIHTA,MECHANICAL ENGINEERING,UR,,,13891,42996
Bihar Combined Entrance Competitive Examination Board (BCECEB),Bihar Polytechnic Common Entrance Competitive Examination,Diploma,Bihar,,,"RUNGTA INSTITUTE OF TECHNOLOGY AND MANAGEMENT, FORBESGANJ,ARARIA",AGRICULTURE ENGINEERING,UR,,,13473,46086
Bihar Combined Entrance Competitive Examination Board (BCECEB),Bihar Polytechnic Common Entrance Competitive Examination,Diploma,Bihar,,,"RUNGTA INSTITUTE OF TECHNOLOGY AND MANAGEMENT, FORBESGANJ,ARARIA",ARTIFICIAL INTELLIGENCE AND MACHINE LEARNING,UR,,,18797,53128
Bihar Combined Entrance Competitive Examination Board (BCECEB),Bihar Polytechnic Common Entrance Competitive Examination,Diploma,Bihar,,,"RUNGTA INSTITUTE OF TECHNOLOGY AND MANAGEMENT, FORBESGANJ,ARARIA",CIVIL ENGINEERING,UR,,,9358,39969
Bihar Combined Entrance Competitive Examination Board (BCECEB),Bihar Polytechnic Common Entrance Competitive Examination,Diploma,Bihar,,,"RUNGTA INSTITUTE OF TECHNOLOGY AND MANAGEMENT, FORBESGANJ,ARARIA",COMPUTER SC. & ENGINEERING,UR,,,17937,50661
Bihar Combined Entrance Competitive Examination Board (BCECEB),Bihar Polytechnic Common Entrance Competitive Examination,Diploma,Bihar,,,"RUNGTA INSTITUTE OF TECHNOLOGY AND MANAGEMENT, FORBESGANJ,ARARIA",ELECTRICAL ENGG.,UR,,,19888,52105
Bihar Combined Entrance Competitive Examination Board (BCECEB),Bihar Polytechnic Common Entrance Competitive Examination,Diploma,Bihar,,,"RUNGTA INSTITUTE OF TECHNOLOGY AND MANAGEMENT, FORBESGANJ,ARARIA",MECHANICAL ENGINEERING,UR,,,21536,51883
Bihar Combined Entrance Competitive Examination Board (BCECEB),Bihar Polytechnic Common Entrance Competitive Examination,Diploma,Bihar,,,"SITYOG INST. OF POLYTECHNIC, AURANGABAD",CIVIL ENGINEERING,UR,,,4116,32172
Bihar Combined Entrance Competitive Examination Board (BCECEB),Bihar Polytechnic Common Entrance Competitive Examination,Diploma,Bihar,,,"SITYOG INST. OF POLYTECHNIC, AURANGABAD",COMPUTER SC. & ENGINEERING,UR,,,18932,45376
Bihar Combined Entrance Competitive Examination Board (BCECEB),Bihar Polytechnic Common Entrance Competitive Examination,Diploma,Bihar,,,"SITYOG INST. OF POLYTECHNIC, AURANGABAD",ELECTRICAL ENGG.,UR,,,15383,47269
Bihar Combined Entrance Competitive Examination Board (BCECEB),Bihar Polytechnic Common Entrance Competitive Examination,Diploma,Bihar,,,"SITYOG INST. OF POLYTECHNIC, AURANGABAD",FIRE TECHNOLOGY & SAFETY,UR,,,9985,48120
Bihar Combined Entrance Competitive Examination Board (BCECEB),Bihar Polytechnic Common Entrance Competitive Examination,Diploma,Bihar,,,"SITYOG INST. OF POLYTECHNIC, AURANGABAD",MECHANICAL ENGINEERING,UR,,,4628,43409
Bihar Combined Entrance Competitive Examination Board (BCECEB),Bihar Polytechnic Common Entrance Competitive Examination,Diploma,Bihar,,,"SITYOG INST. OF POLYTECHNIC, AURANGABAD",MINING ENGG.,UR,,,9463,48675
Bihar Combined Entrance Competitive Examination Board (BCECEB),Bihar Polytechnic Common Entrance Competitive Examination,Diploma,Bihar,,,"VIVEKANAND INSTITUTE OF TECHNOLOGY, NAUBATPUR, PATNA",ARTIFICIAL INTELLIGENCE,UR,,,8558,44031
Bihar Combined Entrance Competitive Examination Board (BCECEB),Bihar Polytechnic Common Entrance Competitive Examination,Diploma,Bihar,,,"VIVEKANAND INSTITUTE OF TECHNOLOGY, NAUBATPUR, PATNA",CIVIL ENGINEERING,UR,,,4597,30064
Bihar Combined Entrance Competitive Examination Board (BCECEB),Bihar Polytechnic Common Entrance Competitive Examination,Diploma,Bihar,,,"VIVEKANAND INSTITUTE OF TECHNOLOGY, NAUBATPUR, PATNA",COMPUTER SC. & ENGINEERING,UR,,,2090,40878
Bihar Combined Entrance Competitive Examination Board (BCECEB),Bihar Polytechnic Common Entrance Competitive Examination,Diploma,Bihar,,,"VIVEKANAND INSTITUTE OF TECHNOLOGY, NAUBATPUR, PATNA",ELECTRICAL ENGG.,UR,,,2348,43590
